polygon_id,polygon_name,assigned_rank,bbox_minX,bbox_minY,bbox_maxX,bbox_maxY
1000,Grid-Cell-1000,0,0,0,1.8,2.25
1001,Grid-Cell-1001,0,0,2.5,1.8,4.75
1002,Grid-Cell-1002,0,0,5,1.8,7.25
1003,Grid-Cell-1003,0,0,7.5,1.8,9.75
1004,Grid-Cell-1004,0,0,10,1.8,12.25
1005,Grid-Cell-1005,0,0,12.5,1.8,14.75
1006,Grid-Cell-1006,0,0,15,1.8,17.25
1007,Grid-Cell-1007,0,0,17.5,1.8,19.75
1008,Grid-Cell-1008,0,0,20,1.8,22.25
1009,Grid-Cell-1009,0,0,22.5,1.8,24.75
1010,Grid-Cell-1010,0,0,25,1.8,27.25
1011,Grid-Cell-1011,0,0,27.5,1.8,29.75
1012,Grid-Cell-1012,0,0,30,1.8,32.25
1013,Grid-Cell-1013,0,0,32.5,1.8,34.75
1014,Grid-Cell-1014,0,0,35,1.8,37.25
1015,Grid-Cell-1015,0,0,37.5,1.8,39.75
1016,Grid-Cell-1016,0,0,40,1.8,42.25
1017,Grid-Cell-1017,0,0,42.5,1.8,44.75
1018,Grid-Cell-1018,0,0,45,1.8,47.25
1019,Grid-Cell-1019,0,0,47.5,1.8,49.75
1020,Grid-Cell-1020,0,0,50,1.8,52.25
1020,Grid-Cell-1020,2,0,50,1.8,52.25
1021,Grid-Cell-1021,2,0,52.5,1.8,54.75
1022,Grid-Cell-1022,2,0,55,1.8,57.25
1023,Grid-Cell-1023,2,0,57.5,1.8,59.75
1024,Grid-Cell-1024,2,0,60,1.8,62.25
1025,Grid-Cell-1025,2,0,62.5,1.8,64.75
1026,Grid-Cell-1026,2,0,65,1.8,67.25
1027,Grid-Cell-1027,2,0,67.5,1.8,69.75
1028,Grid-Cell-1028,2,0,70,1.8,72.25
1029,Grid-Cell-1029,2,0,72.5,1.8,74.75
1030,Grid-Cell-1030,2,0,75,1.8,77.25
1031,Grid-Cell-1031,2,0,77.5,1.8,79.75
1032,Grid-Cell-1032,2,0,80,1.8,82.25
1033,Grid-Cell-1033,2,0,82.5,1.8,84.75
1034,Grid-Cell-1034,2,0,85,1.8,87.25
1035,Grid-Cell-1035,2,0,87.5,1.8,89.75
1036,Grid-Cell-1036,2,0,90,1.8,92.25
1037,Grid-Cell-1037,2,0,92.5,1.8,94.75
1038,Grid-Cell-1038,2,0,95,1.8,97.25
1039,Grid-Cell-1039,2,0,97.5,1.8,99.75
1040,Grid-Cell-1040,0,2,0,3.8,2.25
1041,Grid-Cell-1041,0,2,2.5,3.8,4.75
1042,Grid-Cell-1042,0,2,5,3.8,7.25
1043,Grid-Cell-1043,0,2,7.5,3.8,9.75
1044,Grid-Cell-1044,0,2,10,3.8,12.25
1045,Grid-Cell-1045,0,2,12.5,3.8,14.75
1046,Grid-Cell-1046,0,2,15,3.8,17.25
1047,Grid-Cell-1047,0,2,17.5,3.8,19.75
1048,Grid-Cell-1048,0,2,20,3.8,22.25
1049,Grid-Cell-1049,0,2,22.5,3.8,24.75
1050,Grid-Cell-1050,0,2,25,3.8,27.25
1051,Grid-Cell-1051,0,2,27.5,3.8,29.75
1052,Grid-Cell-1052,0,2,30,3.8,32.25
1053,Grid-Cell-1053,0,2,32.5,3.8,34.75
1054,Grid-Cell-1054,0,2,35,3.8,37.25
1055,Grid-Cell-1055,0,2,37.5,3.8,39.75
1056,Grid-Cell-1056,0,2,40,3.8,42.25
1057,Grid-Cell-1057,0,2,42.5,3.8,44.75
1058,Grid-Cell-1058,0,2,45,3.8,47.25
1059,Grid-Cell-1059,0,2,47.5,3.8,49.75
1060,Grid-Cell-1060,0,2,50,3.8,52.25
1060,Grid-Cell-1060,2,2,50,3.8,52.25
1061,Grid-Cell-1061,2,2,52.5,3.8,54.75
1062,Grid-Cell-1062,2,2,55,3.8,57.25
1063,Grid-Cell-1063,2,2,57.5,3.8,59.75
1064,Grid-Cell-1064,2,2,60,3.8,62.25
1065,Grid-Cell-1065,2,2,62.5,3.8,64.75
1066,Grid-Cell-1066,2,2,65,3.8,67.25
1067,Grid-Cell-1067,2,2,67.5,3.8,69.75
1068,Grid-Cell-1068,2,2,70,3.8,72.25
1069,Grid-Cell-1069,2,2,72.5,3.8,74.75
1070,Grid-Cell-1070,2,2,75,3.8,77.25
1071,Grid-Cell-1071,2,2,77.5,3.8,79.75
1072,Grid-Cell-1072,2,2,80,3.8,82.25
1073,Grid-Cell-1073,2,2,82.5,3.8,84.75
1074,Grid-Cell-1074,2,2,85,3.8,87.25
1075,Grid-Cell-1075,2,2,87.5,3.8,89.75
1076,Grid-Cell-1076,2,2,90,3.8,92.25
1077,Grid-Cell-1077,2,2,92.5,3.8,94.75
1078,Grid-Cell-1078,2,2,95,3.8,97.25
1079,Grid-Cell-1079,2,2,97.5,3.8,99.75
1080,Grid-Cell-1080,0,4,0,5.8,2.25
1081,Grid-Cell-1081,0,4,2.5,5.8,4.75
1082,Grid-Cell-1082,0,4,5,5.8,7.25
1083,Grid-Cell-1083,0,4,7.5,5.8,9.75
1084,Grid-Cell-1084,0,4,10,5.8,12.25
1085,Grid-Cell-1085,0,4,12.5,5.8,14.75
1086,Grid-Cell-1086,0,4,15,5.8,17.25
1087,Grid-Cell-1087,0,4,17.5,5.8,19.75
1088,Grid-Cell-1088,0,4,20,5.8,22.25
1089,Grid-Cell-1089,0,4,22.5,5.8,24.75
1090,Grid-Cell-1090,0,4,25,5.8,27.25
1091,Grid-Cell-1091,0,4,27.5,5.8,29.75
1092,Grid-Cell-1092,0,4,30,5.8,32.25
1093,Grid-Cell-1093,0,4,32.5,5.8,34.75
1094,Grid-Cell-1094,0,4,35,5.8,37.25
1095,Grid-Cell-1095,0,4,37.5,5.8,39.75
1096,Grid-Cell-1096,0,4,40,5.8,42.25
1097,Grid-Cell-1097,0,4,42.5,5.8,44.75
1098,Grid-Cell-1098,0,4,45,5.8,47.25
1099,Grid-Cell-1099,0,4,47.5,5.8,49.75
1100,Grid-Cell-1100,0,4,50,5.8,52.25
1100,Grid-Cell-1100,2,4,50,5.8,52.25
1101,Grid-Cell-1101,2,4,52.5,5.8,54.75
1102,Grid-Cell-1102,2,4,55,5.8,57.25
1103,Grid-Cell-1103,2,4,57.5,5.8,59.75
1104,Grid-Cell-1104,2,4,60,5.8,62.25
1105,Grid-Cell-1105,2,4,62.5,5.8,64.75
1106,Grid-Cell-1106,2,4,65,5.8,67.25
1107,Grid-Cell-1107,2,4,67.5,5.8,69.75
1108,Grid-Cell-1108,2,4,70,5.8,72.25
1109,Grid-Cell-1109,2,4,72.5,5.8,74.75
1110,Grid-Cell-1110,2,4,75,5.8,77.25
1111,Grid-Cell-1111,2,4,77.5,5.8,79.75
1112,Grid-Cell-1112,2,4,80,5.8,82.25
1113,Grid-Cell-1113,2,4,82.5,5.8,84.75
1114,Grid-Cell-1114,2,4,85,5.8,87.25
1115,Grid-Cell-1115,2,4,87.5,5.8,89.75
1116,Grid-Cell-1116,2,4,90,5.8,92.25
1117,Grid-Cell-1117,2,4,92.5,5.8,94.75
1118,Grid-Cell-1118,2,4,95,5.8,97.25
1119,Grid-Cell-1119,2,4,97.5,5.8,99.75
1120,Grid-Cell-1120,0,6,0,7.8,2.25
1121,Grid-Cell-1121,0,6,2.5,7.8,4.75
1122,Grid-Cell-1122,0,6,5,7.8,7.25
1123,Grid-Cell-1123,0,6,7.5,7.8,9.75
1124,Grid-Cell-1124,0,6,10,7.8,12.25
1125,Grid-Cell-1125,0,6,12.5,7.8,14.75
1126,Grid-Cell-1126,0,6,15,7.8,17.25
1127,Grid-Cell-1127,0,6,17.5,7.8,19.75
1128,Grid-Cell-1128,0,6,20,7.8,22.25
1129,Grid-Cell-1129,0,6,22.5,7.8,24.75
1130,Grid-Cell-1130,0,6,25,7.8,27.25
1131,Grid-Cell-1131,0,6,27.5,7.8,29.75
1132,Grid-Cell-1132,0,6,30,7.8,32.25
1133,Grid-Cell-1133,0,6,32.5,7.8,34.75
1134,Grid-Cell-1134,0,6,35,7.8,37.25
1135,Grid-Cell-1135,0,6,37.5,7.8,39.75
1136,Grid-Cell-1136,0,6,40,7.8,42.25
1137,Grid-Cell-1137,0,6,42.5,7.8,44.75
1138,Grid-Cell-1138,0,6,45,7.8,47.25
1139,Grid-Cell-1139,0,6,47.5,7.8,49.75
1140,Grid-Cell-1140,0,6,50,7.8,52.25
1140,Grid-Cell-1140,2,6,50,7.8,52.25
1141,Grid-Cell-1141,2,6,52.5,7.8,54.75
1142,Grid-Cell-1142,2,6,55,7.8,57.25
1143,Grid-Cell-1143,2,6,57.5,7.8,59.75
1144,Grid-Cell-1144,2,6,60,7.8,62.25
1145,Grid-Cell-1145,2,6,62.5,7.8,64.75
1146,Grid-Cell-1146,2,6,65,7.8,67.25
1147,Grid-Cell-1147,2,6,67.5,7.8,69.75
1148,Grid-Cell-1148,2,6,70,7.8,72.25
1149,Grid-Cell-1149,2,6,72.5,7.8,74.75
1150,Grid-Cell-1150,2,6,75,7.8,77.25
1151,Grid-Cell-1151,2,6,77.5,7.8,79.75
1152,Grid-Cell-1152,2,6,80,7.8,82.25
1153,Grid-Cell-1153,2,6,82.5,7.8,84.75
1154,Grid-Cell-1154,2,6,85,7.8,87.25
1155,Grid-Cell-1155,2,6,87.5,7.8,89.75
1156,Grid-Cell-1156,2,6,90,7.8,92.25
1157,Grid-Cell-1157,2,6,92.5,7.8,94.75
1158,Grid-Cell-1158,2,6,95,7.8,97.25
1159,Grid-Cell-1159,2,6,97.5,7.8,99.75
1160,Grid-Cell-1160,0,8,0,9.8,2.25
1161,Grid-Cell-1161,0,8,2.5,9.8,4.75
1162,Grid-Cell-1162,0,8,5,9.8,7.25
1163,Grid-Cell-1163,0,8,7.5,9.8,9.75
1164,Grid-Cell-1164,0,8,10,9.8,12.25
1165,Grid-Cell-1165,0,8,12.5,9.8,14.75
1166,Grid-Cell-1166,0,8,15,9.8,17.25
1167,Grid-Cell-1167,0,8,17.5,9.8,19.75
1168,Grid-Cell-1168,0,8,20,9.8,22.25
1169,Grid-Cell-1169,0,8,22.5,9.8,24.75
1170,Grid-Cell-1170,0,8,25,9.8,27.25
1171,Grid-Cell-1171,0,8,27.5,9.8,29.75
1172,Grid-Cell-1172,0,8,30,9.8,32.25
1173,Grid-Cell-1173,0,8,32.5,9.8,34.75
1174,Grid-Cell-1174,0,8,35,9.8,37.25
1175,Grid-Cell-1175,0,8,37.5,9.8,39.75
1176,Grid-Cell-1176,0,8,40,9.8,42.25
1177,Grid-Cell-1177,0,8,42.5,9.8,44.75
1178,Grid-Cell-1178,0,8,45,9.8,47.25
1179,Grid-Cell-1179,0,8,47.5,9.8,49.75
1180,Grid-Cell-1180,0,8,50,9.8,52.25
1180,Grid-Cell-1180,2,8,50,9.8,52.25
1181,Grid-Cell-1181,2,8,52.5,9.8,54.75
1182,Grid-Cell-1182,2,8,55,9.8,57.25
1183,Grid-Cell-1183,2,8,57.5,9.8,59.75
1184,Grid-Cell-1184,2,8,60,9.8,62.25
1185,Grid-Cell-1185,2,8,62.5,9.8,64.75
1186,Grid-Cell-1186,2,8,65,9.8,67.25
1187,Grid-Cell-1187,2,8,67.5,9.8,69.75
1188,Grid-Cell-1188,2,8,70,9.8,72.25
1189,Grid-Cell-1189,2,8,72.5,9.8,74.75
1190,Grid-Cell-1190,2,8,75,9.8,77.25
1191,Grid-Cell-1191,2,8,77.5,9.8,79.75
1192,Grid-Cell-1192,2,8,80,9.8,82.25
1193,Grid-Cell-1193,2,8,82.5,9.8,84.75
1194,Grid-Cell-1194,2,8,85,9.8,87.25
1195,Grid-Cell-1195,2,8,87.5,9.8,89.75
1196,Grid-Cell-1196,2,8,90,9.8,92.25
1197,Grid-Cell-1197,2,8,92.5,9.8,94.75
1198,Grid-Cell-1198,2,8,95,9.8,97.25
1199,Grid-Cell-1199,2,8,97.5,9.8,99.75
1200,Grid-Cell-1200,0,10,0,11.8,2.25
1201,Grid-Cell-1201,0,10,2.5,11.8,4.75
1202,Grid-Cell-1202,0,10,5,11.8,7.25
1203,Grid-Cell-1203,0,10,7.5,11.8,9.75
1204,Grid-Cell-1204,0,10,10,11.8,12.25
1205,Grid-Cell-1205,0,10,12.5,11.8,14.75
1206,Grid-Cell-1206,0,10,15,11.8,17.25
1207,Grid-Cell-1207,0,10,17.5,11.8,19.75
1208,Grid-Cell-1208,0,10,20,11.8,22.25
1209,Grid-Cell-1209,0,10,22.5,11.8,24.75
1210,Grid-Cell-1210,0,10,25,11.8,27.25
1211,Grid-Cell-1211,0,10,27.5,11.8,29.75
1212,Grid-Cell-1212,0,10,30,11.8,32.25
1213,Grid-Cell-1213,0,10,32.5,11.8,34.75
1214,Grid-Cell-1214,0,10,35,11.8,37.25
1215,Grid-Cell-1215,0,10,37.5,11.8,39.75
1216,Grid-Cell-1216,0,10,40,11.8,42.25
1217,Grid-Cell-1217,0,10,42.5,11.8,44.75
1218,Grid-Cell-1218,0,10,45,11.8,47.25
1219,Grid-Cell-1219,0,10,47.5,11.8,49.75
1220,Grid-Cell-1220,0,10,50,11.8,52.25
1220,Grid-Cell-1220,2,10,50,11.8,52.25
1221,Grid-Cell-1221,2,10,52.5,11.8,54.75
1222,Grid-Cell-1222,2,10,55,11.8,57.25
1223,Grid-Cell-1223,2,10,57.5,11.8,59.75
1224,Grid-Cell-1224,2,10,60,11.8,62.25
1225,Grid-Cell-1225,2,10,62.5,11.8,64.75
1226,Grid-Cell-1226,2,10,65,11.8,67.25
1227,Grid-Cell-1227,2,10,67.5,11.8,69.75
1228,Grid-Cell-1228,2,10,70,11.8,72.25
1229,Grid-Cell-1229,2,10,72.5,11.8,74.75
1230,Grid-Cell-1230,2,10,75,11.8,77.25
1231,Grid-Cell-1231,2,10,77.5,11.8,79.75
1232,Grid-Cell-1232,2,10,80,11.8,82.25
1233,Grid-Cell-1233,2,10,82.5,11.8,84.75
1234,Grid-Cell-1234,2,10,85,11.8,87.25
1235,Grid-Cell-1235,2,10,87.5,11.8,89.75
1236,Grid-Cell-1236,2,10,90,11.8,92.25
1237,Grid-Cell-1237,2,10,92.5,11.8,94.75
1238,Grid-Cell-1238,2,10,95,11.8,97.25
1239,Grid-Cell-1239,2,10,97.5,11.8,99.75
1240,Grid-Cell-1240,0,12,0,13.8,2.25
1241,Grid-Cell-1241,0,12,2.5,13.8,4.75
1242,Grid-Cell-1242,0,12,5,13.8,7.25
1243,Grid-Cell-1243,0,12,7.5,13.8,9.75
1244,Grid-Cell-1244,0,12,10,13.8,12.25
1245,Grid-Cell-1245,0,12,12.5,13.8,14.75
1246,Grid-Cell-1246,0,12,15,13.8,17.25
1247,Grid-Cell-1247,0,12,17.5,13.8,19.75
1248,Grid-Cell-1248,0,12,20,13.8,22.25
1249,Grid-Cell-1249,0,12,22.5,13.8,24.75
1250,Grid-Cell-1250,0,12,25,13.8,27.25
1251,Grid-Cell-1251,0,12,27.5,13.8,29.75
1252,Grid-Cell-1252,0,12,30,13.8,32.25
1253,Grid-Cell-1253,0,12,32.5,13.8,34.75
1254,Grid-Cell-1254,0,12,35,13.8,37.25
1255,Grid-Cell-1255,0,12,37.5,13.8,39.75
1256,Grid-Cell-1256,0,12,40,13.8,42.25
1257,Grid-Cell-1257,0,12,42.5,13.8,44.75
1258,Grid-Cell-1258,0,12,45,13.8,47.25
1259,Grid-Cell-1259,0,12,47.5,13.8,49.75
1260,Grid-Cell-1260,0,12,50,13.8,52.25
1260,Grid-Cell-1260,2,12,50,13.8,52.25
1261,Grid-Cell-1261,2,12,52.5,13.8,54.75
1262,Grid-Cell-1262,2,12,55,13.8,57.25
1263,Grid-Cell-1263,2,12,57.5,13.8,59.75
1264,Grid-Cell-1264,2,12,60,13.8,62.25
1265,Grid-Cell-1265,2,12,62.5,13.8,64.75
1266,Grid-Cell-1266,2,12,65,13.8,67.25
1267,Grid-Cell-1267,2,12,67.5,13.8,69.75
1268,Grid-Cell-1268,2,12,70,13.8,72.25
1269,Grid-Cell-1269,2,12,72.5,13.8,74.75
1270,Grid-Cell-1270,2,12,75,13.8,77.25
1271,Grid-Cell-1271,2,12,77.5,13.8,79.75
1272,Grid-Cell-1272,2,12,80,13.8,82.25
1273,Grid-Cell-1273,2,12,82.5,13.8,84.75
1274,Grid-Cell-1274,2,12,85,13.8,87.25
1275,Grid-Cell-1275,2,12,87.5,13.8,89.75
1276,Grid-Cell-1276,2,12,90,13.8,92.25
1277,Grid-Cell-1277,2,12,92.5,13.8,94.75
1278,Grid-Cell-1278,2,12,95,13.8,97.25
1279,Grid-Cell-1279,2,12,97.5,13.8,99.75
1280,Grid-Cell-1280,0,14,0,15.8,2.25
1281,Grid-Cell-1281,0,14,2.5,15.8,4.75
1282,Grid-Cell-1282,0,14,5,15.8,7.25
1283,Grid-Cell-1283,0,14,7.5,15.8,9.75
1284,Grid-Cell-1284,0,14,10,15.8,12.25
1285,Grid-Cell-1285,0,14,12.5,15.8,14.75
1286,Grid-Cell-1286,0,14,15,15.8,17.25
1287,Grid-Cell-1287,0,14,17.5,15.8,19.75
1288,Grid-Cell-1288,0,14,20,15.8,22.25
1289,Grid-Cell-1289,0,14,22.5,15.8,24.75
1290,Grid-Cell-1290,0,14,25,15.8,27.25
1291,Grid-Cell-1291,0,14,27.5,15.8,29.75
1292,Grid-Cell-1292,0,14,30,15.8,32.25
1293,Grid-Cell-1293,0,14,32.5,15.8,34.75
1294,Grid-Cell-1294,0,14,35,15.8,37.25
1295,Grid-Cell-1295,0,14,37.5,15.8,39.75
1296,Grid-Cell-1296,0,14,40,15.8,42.25
1297,Grid-Cell-1297,0,14,42.5,15.8,44.75
1298,Grid-Cell-1298,0,14,45,15.8,47.25
1299,Grid-Cell-1299,0,14,47.5,15.8,49.75
1300,Grid-Cell-1300,0,14,50,15.8,52.25
1300,Grid-Cell-1300,2,14,50,15.8,52.25
1301,Grid-Cell-1301,2,14,52.5,15.8,54.75
1302,Grid-Cell-1302,2,14,55,15.8,57.25
1303,Grid-Cell-1303,2,14,57.5,15.8,59.75
1304,Grid-Cell-1304,2,14,60,15.8,62.25
1305,Grid-Cell-1305,2,14,62.5,15.8,64.75
1306,Grid-Cell-1306,2,14,65,15.8,67.25
1307,Grid-Cell-1307,2,14,67.5,15.8,69.75
1308,Grid-Cell-1308,2,14,70,15.8,72.25
1309,Grid-Cell-1309,2,14,72.5,15.8,74.75
1310,Grid-Cell-1310,2,14,75,15.8,77.25
1311,Grid-Cell-1311,2,14,77.5,15.8,79.75
1312,Grid-Cell-1312,2,14,80,15.8,82.25
1313,Grid-Cell-1313,2,14,82.5,15.8,84.75
1314,Grid-Cell-1314,2,14,85,15.8,87.25
1315,Grid-Cell-1315,2,14,87.5,15.8,89.75
1316,Grid-Cell-1316,2,14,90,15.8,92.25
1317,Grid-Cell-1317,2,14,92.5,15.8,94.75
1318,Grid-Cell-1318,2,14,95,15.8,97.25
1319,Grid-Cell-1319,2,14,97.5,15.8,99.75
1320,Grid-Cell-1320,0,16,0,17.8,2.25
1321,Grid-Cell-1321,0,16,2.5,17.8,4.75
1322,Grid-Cell-1322,0,16,5,17.8,7.25
1323,Grid-Cell-1323,0,16,7.5,17.8,9.75
1324,Grid-Cell-1324,0,16,10,17.8,12.25
1325,Grid-Cell-1325,0,16,12.5,17.8,14.75
1326,Grid-Cell-1326,0,16,15,17.8,17.25
1327,Grid-Cell-1327,0,16,17.5,17.8,19.75
1328,Grid-Cell-1328,0,16,20,17.8,22.25
1329,Grid-Cell-1329,0,16,22.5,17.8,24.75
1330,Grid-Cell-1330,0,16,25,17.8,27.25
1331,Grid-Cell-1331,0,16,27.5,17.8,29.75
1332,Grid-Cell-1332,0,16,30,17.8,32.25
1333,Grid-Cell-1333,0,16,32.5,17.8,34.75
1334,Grid-Cell-1334,0,16,35,17.8,37.25
1335,Grid-Cell-1335,0,16,37.5,17.8,39.75
1336,Grid-Cell-1336,0,16,40,17.8,42.25
1337,Grid-Cell-1337,0,16,42.5,17.8,44.75
1338,Grid-Cell-1338,0,16,45,17.8,47.25
1339,Grid-Cell-1339,0,16,47.5,17.8,49.75
1340,Grid-Cell-1340,0,16,50,17.8,52.25
1340,Grid-Cell-1340,2,16,50,17.8,52.25
1341,Grid-Cell-1341,2,16,52.5,17.8,54.75
1342,Grid-Cell-1342,2,16,55,17.8,57.25
1343,Grid-Cell-1343,2,16,57.5,17.8,59.75
1344,Grid-Cell-1344,2,16,60,17.8,62.25
1345,Grid-Cell-1345,2,16,62.5,17.8,64.75
1346,Grid-Cell-1346,2,16,65,17.8,67.25
1347,Grid-Cell-1347,2,16,67.5,17.8,69.75
1348,Grid-Cell-1348,2,16,70,17.8,72.25
1349,Grid-Cell-1349,2,16,72.5,17.8,74.75
1350,Grid-Cell-1350,2,16,75,17.8,77.25
1351,Grid-Cell-1351,2,16,77.5,17.8,79.75
1352,Grid-Cell-1352,2,16,80,17.8,82.25
1353,Grid-Cell-1353,2,16,82.5,17.8,84.75
1354,Grid-Cell-1354,2,16,85,17.8,87.25
1355,Grid-Cell-1355,2,16,87.5,17.8,89.75
1356,Grid-Cell-1356,2,16,90,17.8,92.25
1357,Grid-Cell-1357,2,16,92.5,17.8,94.75
1358,Grid-Cell-1358,2,16,95,17.8,97.25
1359,Grid-Cell-1359,2,16,97.5,17.8,99.75
1360,Grid-Cell-1360,0,18,0,19.8,2.25
1361,Grid-Cell-1361,0,18,2.5,19.8,4.75
1362,Grid-Cell-1362,0,18,5,19.8,7.25
1363,Grid-Cell-1363,0,18,7.5,19.8,9.75
1364,Grid-Cell-1364,0,18,10,19.8,12.25
1365,Grid-Cell-1365,0,18,12.5,19.8,14.75
1366,Grid-Cell-1366,0,18,15,19.8,17.25
1367,Grid-Cell-1367,0,18,17.5,19.8,19.75
1368,Grid-Cell-1368,0,18,20,19.8,22.25
1369,Grid-Cell-1369,0,18,22.5,19.8,24.75
1370,Grid-Cell-1370,0,18,25,19.8,27.25
1371,Grid-Cell-1371,0,18,27.5,19.8,29.75
1372,Grid-Cell-1372,0,18,30,19.8,32.25
1373,Grid-Cell-1373,0,18,32.5,19.8,34.75
1374,Grid-Cell-1374,0,18,35,19.8,37.25
1375,Grid-Cell-1375,0,18,37.5,19.8,39.75
1376,Grid-Cell-1376,0,18,40,19.8,42.25
1377,Grid-Cell-1377,0,18,42.5,19.8,44.75
1378,Grid-Cell-1378,0,18,45,19.8,47.25
1379,Grid-Cell-1379,0,18,47.5,19.8,49.75
1380,Grid-Cell-1380,0,18,50,19.8,52.25
1380,Grid-Cell-1380,2,18,50,19.8,52.25
1381,Grid-Cell-1381,2,18,52.5,19.8,54.75
1382,Grid-Cell-1382,2,18,55,19.8,57.25
1383,Grid-Cell-1383,2,18,57.5,19.8,59.75
1384,Grid-Cell-1384,2,18,60,19.8,62.25
1385,Grid-Cell-1385,2,18,62.5,19.8,64.75
1386,Grid-Cell-1386,2,18,65,19.8,67.25
1387,Grid-Cell-1387,2,18,67.5,19.8,69.75
1388,Grid-Cell-1388,2,18,70,19.8,72.25
1389,Grid-Cell-1389,2,18,72.5,19.8,74.75
1390,Grid-Cell-1390,2,18,75,19.8,77.25
1391,Grid-Cell-1391,2,18,77.5,19.8,79.75
1392,Grid-Cell-1392,2,18,80,19.8,82.25
1393,Grid-Cell-1393,2,18,82.5,19.8,84.75
1394,Grid-Cell-1394,2,18,85,19.8,87.25
1395,Grid-Cell-1395,2,18,87.5,19.8,89.75
1396,Grid-Cell-1396,2,18,90,19.8,92.25
1397,Grid-Cell-1397,2,18,92.5,19.8,94.75
1398,Grid-Cell-1398,2,18,95,19.8,97.25
1399,Grid-Cell-1399,2,18,97.5,19.8,99.75
1400,Grid-Cell-1400,0,20,0,21.8,2.25
1401,Grid-Cell-1401,0,20,2.5,21.8,4.75
1402,Grid-Cell-1402,0,20,5,21.8,7.25
1403,Grid-Cell-1403,0,20,7.5,21.8,9.75
1404,Grid-Cell-1404,0,20,10,21.8,12.25
1405,Grid-Cell-1405,0,20,12.5,21.8,14.75
1406,Grid-Cell-1406,0,20,15,21.8,17.25
1407,Grid-Cell-1407,0,20,17.5,21.8,19.75
1408,Grid-Cell-1408,0,20,20,21.8,22.25
1409,Grid-Cell-1409,0,20,22.5,21.8,24.75
1410,Grid-Cell-1410,0,20,25,21.8,27.25
1411,Grid-Cell-1411,0,20,27.5,21.8,29.75
1412,Grid-Cell-1412,0,20,30,21.8,32.25
1413,Grid-Cell-1413,0,20,32.5,21.8,34.75
1414,Grid-Cell-1414,0,20,35,21.8,37.25
1415,Grid-Cell-1415,0,20,37.5,21.8,39.75
1416,Grid-Cell-1416,0,20,40,21.8,42.25
1417,Grid-Cell-1417,0,20,42.5,21.8,44.75
1418,Grid-Cell-1418,0,20,45,21.8,47.25
1419,Grid-Cell-1419,0,20,47.5,21.8,49.75
1420,Grid-Cell-1420,0,20,50,21.8,52.25
1420,Grid-Cell-1420,2,20,50,21.8,52.25
1421,Grid-Cell-1421,2,20,52.5,21.8,54.75
1422,Grid-Cell-1422,2,20,55,21.8,57.25
1423,Grid-Cell-1423,2,20,57.5,21.8,59.75
1424,Grid-Cell-1424,2,20,60,21.8,62.25
1425,Grid-Cell-1425,2,20,62.5,21.8,64.75
1426,Grid-Cell-1426,2,20,65,21.8,67.25
1427,Grid-Cell-1427,2,20,67.5,21.8,69.75
1428,Grid-Cell-1428,2,20,70,21.8,72.25
1429,Grid-Cell-1429,2,20,72.5,21.8,74.75
1430,Grid-Cell-1430,2,20,75,21.8,77.25
1431,Grid-Cell-1431,2,20,77.5,21.8,79.75
1432,Grid-Cell-1432,2,20,80,21.8,82.25
1433,Grid-Cell-1433,2,20,82.5,21.8,84.75
1434,Grid-Cell-1434,2,20,85,21.8,87.25
1435,Grid-Cell-1435,2,20,87.5,21.8,89.75
1436,Grid-Cell-1436,2,20,90,21.8,92.25
1437,Grid-Cell-1437,2,20,92.5,21.8,94.75
1438,Grid-Cell-1438,2,20,95,21.8,97.25
1439,Grid-Cell-1439,2,20,97.5,21.8,99.75
1440,Grid-Cell-1440,0,22,0,23.8,2.25
1441,Grid-Cell-1441,0,22,2.5,23.8,4.75
1442,Grid-Cell-1442,0,22,5,23.8,7.25
1443,Grid-Cell-1443,0,22,7.5,23.8,9.75
1444,Grid-Cell-1444,0,22,10,23.8,12.25
1445,Grid-Cell-1445,0,22,12.5,23.8,14.75
1446,Grid-Cell-1446,0,22,15,23.8,17.25
1447,Grid-Cell-1447,0,22,17.5,23.8,19.75
1448,Grid-Cell-1448,0,22,20,23.8,22.25
1449,Grid-Cell-1449,0,22,22.5,23.8,24.75
1450,Grid-Cell-1450,0,22,25,23.8,27.25
1451,Grid-Cell-1451,0,22,27.5,23.8,29.75
1452,Grid-Cell-1452,0,22,30,23.8,32.25
1453,Grid-Cell-1453,0,22,32.5,23.8,34.75
1454,Grid-Cell-1454,0,22,35,23.8,37.25
1455,Grid-Cell-1455,0,22,37.5,23.8,39.75
1456,Grid-Cell-1456,0,22,40,23.8,42.25
1457,Grid-Cell-1457,0,22,42.5,23.8,44.75
1458,Grid-Cell-1458,0,22,45,23.8,47.25
1459,Grid-Cell-1459,0,22,47.5,23.8,49.75
1460,Grid-Cell-1460,0,22,50,23.8,52.25
1460,Grid-Cell-1460,2,22,50,23.8,52.25
1461,Grid-Cell-1461,2,22,52.5,23.8,54.75
1462,Grid-Cell-1462,2,22,55,23.8,57.25
1463,Grid-Cell-1463,2,22,57.5,23.8,59.75
1464,Grid-Cell-1464,2,22,60,23.8,62.25
1465,Grid-Cell-1465,2,22,62.5,23.8,64.75
1466,Grid-Cell-1466,2,22,65,23.8,67.25
1467,Grid-Cell-1467,2,22,67.5,23.8,69.75
1468,Grid-Cell-1468,2,22,70,23.8,72.25
1469,Grid-Cell-1469,2,22,72.5,23.8,74.75
1470,Grid-Cell-1470,2,22,75,23.8,77.25
1471,Grid-Cell-1471,2,22,77.5,23.8,79.75
1472,Grid-Cell-1472,2,22,80,23.8,82.25
1473,Grid-Cell-1473,2,22,82.5,23.8,84.75
1474,Grid-Cell-1474,2,22,85,23.8,87.25
1475,Grid-Cell-1475,2,22,87.5,23.8,89.75
1476,Grid-Cell-1476,2,22,90,23.8,92.25
1477,Grid-Cell-1477,2,22,92.5,23.8,94.75
1478,Grid-Cell-1478,2,22,95,23.8,97.25
1479,Grid-Cell-1479,2,22,97.5,23.8,99.75
1480,Grid-Cell-1480,0,24,0,25.8,2.25
1481,Grid-Cell-1481,0,24,2.5,25.8,4.75
1482,Grid-Cell-1482,0,24,5,25.8,7.25
1483,Grid-Cell-1483,0,24,7.5,25.8,9.75
1484,Grid-Cell-1484,0,24,10,25.8,12.25
1485,Grid-Cell-1485,0,24,12.5,25.8,14.75
1486,Grid-Cell-1486,0,24,15,25.8,17.25
1487,Grid-Cell-1487,0,24,17.5,25.8,19.75
1488,Grid-Cell-1488,0,24,20,25.8,22.25
1489,Grid-Cell-1489,0,24,22.5,25.8,24.75
1490,Grid-Cell-1490,0,24,25,25.8,27.25
1491,Grid-Cell-1491,0,24,27.5,25.8,29.75
1492,Grid-Cell-1492,0,24,30,25.8,32.25
1493,Grid-Cell-1493,0,24,32.5,25.8,34.75
1494,Grid-Cell-1494,0,24,35,25.8,37.25
1495,Grid-Cell-1495,0,24,37.5,25.8,39.75
1496,Grid-Cell-1496,0,24,40,25.8,42.25
1497,Grid-Cell-1497,0,24,42.5,25.8,44.75
1498,Grid-Cell-1498,0,24,45,25.8,47.25
1499,Grid-Cell-1499,0,24,47.5,25.8,49.75
1500,Grid-Cell-1500,0,24,50,25.8,52.25
1500,Grid-Cell-1500,2,24,50,25.8,52.25
1501,Grid-Cell-1501,2,24,52.5,25.8,54.75
1502,Grid-Cell-1502,2,24,55,25.8,57.25
1503,Grid-Cell-1503,2,24,57.5,25.8,59.75
1504,Grid-Cell-1504,2,24,60,25.8,62.25
1505,Grid-Cell-1505,2,24,62.5,25.8,64.75
1506,Grid-Cell-1506,2,24,65,25.8,67.25
1507,Grid-Cell-1507,2,24,67.5,25.8,69.75
1508,Grid-Cell-1508,2,24,70,25.8,72.25
1509,Grid-Cell-1509,2,24,72.5,25.8,74.75
1510,Grid-Cell-1510,2,24,75,25.8,77.25
1511,Grid-Cell-1511,2,24,77.5,25.8,79.75
1512,Grid-Cell-1512,2,24,80,25.8,82.25
1513,Grid-Cell-1513,2,24,82.5,25.8,84.75
1514,Grid-Cell-1514,2,24,85,25.8,87.25
1515,Grid-Cell-1515,2,24,87.5,25.8,89.75
1516,Grid-Cell-1516,2,24,90,25.8,92.25
1517,Grid-Cell-1517,2,24,92.5,25.8,94.75
1518,Grid-Cell-1518,2,24,95,25.8,97.25
1519,Grid-Cell-1519,2,24,97.5,25.8,99.75
1520,Grid-Cell-1520,0,26,0,27.8,2.25
1521,Grid-Cell-1521,0,26,2.5,27.8,4.75
1522,Grid-Cell-1522,0,26,5,27.8,7.25
1523,Grid-Cell-1523,0,26,7.5,27.8,9.75
1524,Grid-Cell-1524,0,26,10,27.8,12.25
1525,Grid-Cell-1525,0,26,12.5,27.8,14.75
1526,Grid-Cell-1526,0,26,15,27.8,17.25
1527,Grid-Cell-1527,0,26,17.5,27.8,19.75
1528,Grid-Cell-1528,0,26,20,27.8,22.25
1529,Grid-Cell-1529,0,26,22.5,27.8,24.75
1530,Grid-Cell-1530,0,26,25,27.8,27.25
1531,Grid-Cell-1531,0,26,27.5,27.8,29.75
1532,Grid-Cell-1532,0,26,30,27.8,32.25
1533,Grid-Cell-1533,0,26,32.5,27.8,34.75
1534,Grid-Cell-1534,0,26,35,27.8,37.25
1535,Grid-Cell-1535,0,26,37.5,27.8,39.75
1536,Grid-Cell-1536,0,26,40,27.8,42.25
1537,Grid-Cell-1537,0,26,42.5,27.8,44.75
1538,Grid-Cell-1538,0,26,45,27.8,47.25
1539,Grid-Cell-1539,0,26,47.5,27.8,49.75
1540,Grid-Cell-1540,0,26,50,27.8,52.25
1540,Grid-Cell-1540,2,26,50,27.8,52.25
1541,Grid-Cell-1541,2,26,52.5,27.8,54.75
1542,Grid-Cell-1542,2,26,55,27.8,57.25
1543,Grid-Cell-1543,2,26,57.5,27.8,59.75
1544,Grid-Cell-1544,2,26,60,27.8,62.25
1545,Grid-Cell-1545,2,26,62.5,27.8,64.75
1546,Grid-Cell-1546,2,26,65,27.8,67.25
1547,Grid-Cell-1547,2,26,67.5,27.8,69.75
1548,Grid-Cell-1548,2,26,70,27.8,72.25
1549,Grid-Cell-1549,2,26,72.5,27.8,74.75
1550,Grid-Cell-1550,2,26,75,27.8,77.25
1551,Grid-Cell-1551,2,26,77.5,27.8,79.75
1552,Grid-Cell-1552,2,26,80,27.8,82.25
1553,Grid-Cell-1553,2,26,82.5,27.8,84.75
1554,Grid-Cell-1554,2,26,85,27.8,87.25
1555,Grid-Cell-1555,2,26,87.5,27.8,89.75
1556,Grid-Cell-1556,2,26,90,27.8,92.25
1557,Grid-Cell-1557,2,26,92.5,27.8,94.75
1558,Grid-Cell-1558,2,26,95,27.8,97.25
1559,Grid-Cell-1559,2,26,97.5,27.8,99.75
1560,Grid-Cell-1560,0,28,0,29.8,2.25
1561,Grid-Cell-1561,0,28,2.5,29.8,4.75
1562,Grid-Cell-1562,0,28,5,29.8,7.25
1563,Grid-Cell-1563,0,28,7.5,29.8,9.75
1564,Grid-Cell-1564,0,28,10,29.8,12.25
1565,Grid-Cell-1565,0,28,12.5,29.8,14.75
1566,Grid-Cell-1566,0,28,15,29.8,17.25
1567,Grid-Cell-1567,0,28,17.5,29.8,19.75
1568,Grid-Cell-1568,0,28,20,29.8,22.25
1569,Grid-Cell-1569,0,28,22.5,29.8,24.75
1570,Grid-Cell-1570,0,28,25,29.8,27.25
1571,Grid-Cell-1571,0,28,27.5,29.8,29.75
1572,Grid-Cell-1572,0,28,30,29.8,32.25
1573,Grid-Cell-1573,0,28,32.5,29.8,34.75
1574,Grid-Cell-1574,0,28,35,29.8,37.25
1575,Grid-Cell-1575,0,28,37.5,29.8,39.75
1576,Grid-Cell-1576,0,28,40,29.8,42.25
1577,Grid-Cell-1577,0,28,42.5,29.8,44.75
1578,Grid-Cell-1578,0,28,45,29.8,47.25
1579,Grid-Cell-1579,0,28,47.5,29.8,49.75
1580,Grid-Cell-1580,0,28,50,29.8,52.25
1580,Grid-Cell-1580,2,28,50,29.8,52.25
1581,Grid-Cell-1581,2,28,52.5,29.8,54.75
1582,Grid-Cell-1582,2,28,55,29.8,57.25
1583,Grid-Cell-1583,2,28,57.5,29.8,59.75
1584,Grid-Cell-1584,2,28,60,29.8,62.25
1585,Grid-Cell-1585,2,28,62.5,29.8,64.75
1586,Grid-Cell-1586,2,28,65,29.8,67.25
1587,Grid-Cell-1587,2,28,67.5,29.8,69.75
1588,Grid-Cell-1588,2,28,70,29.8,72.25
1589,Grid-Cell-1589,2,28,72.5,29.8,74.75
1590,Grid-Cell-1590,2,28,75,29.8,77.25
1591,Grid-Cell-1591,2,28,77.5,29.8,79.75
1592,Grid-Cell-1592,2,28,80,29.8,82.25
1593,Grid-Cell-1593,2,28,82.5,29.8,84.75
1594,Grid-Cell-1594,2,28,85,29.8,87.25
1595,Grid-Cell-1595,2,28,87.5,29.8,89.75
1596,Grid-Cell-1596,2,28,90,29.8,92.25
1597,Grid-Cell-1597,2,28,92.5,29.8,94.75
1598,Grid-Cell-1598,2,28,95,29.8,97.25
1599,Grid-Cell-1599,2,28,97.5,29.8,99.75
1600,Grid-Cell-1600,0,30,0,31.8,2.25
1601,Grid-Cell-1601,0,30,2.5,31.8,4.75
1602,Grid-Cell-1602,0,30,5,31.8,7.25
1603,Grid-Cell-1603,0,30,7.5,31.8,9.75
1604,Grid-Cell-1604,0,30,10,31.8,12.25
1605,Grid-Cell-1605,0,30,12.5,31.8,14.75
1606,Grid-Cell-1606,0,30,15,31.8,17.25
1607,Grid-Cell-1607,0,30,17.5,31.8,19.75
1608,Grid-Cell-1608,0,30,20,31.8,22.25
1609,Grid-Cell-1609,0,30,22.5,31.8,24.75
1610,Grid-Cell-1610,0,30,25,31.8,27.25
1611,Grid-Cell-1611,0,30,27.5,31.8,29.75
1612,Grid-Cell-1612,0,30,30,31.8,32.25
1613,Grid-Cell-1613,0,30,32.5,31.8,34.75
1614,Grid-Cell-1614,0,30,35,31.8,37.25
1615,Grid-Cell-1615,0,30,37.5,31.8,39.75
1616,Grid-Cell-1616,0,30,40,31.8,42.25
1617,Grid-Cell-1617,0,30,42.5,31.8,44.75
1618,Grid-Cell-1618,0,30,45,31.8,47.25
1619,Grid-Cell-1619,0,30,47.5,31.8,49.75
1620,Grid-Cell-1620,0,30,50,31.8,52.25
1620,Grid-Cell-1620,2,30,50,31.8,52.25
1621,Grid-Cell-1621,2,30,52.5,31.8,54.75
1622,Grid-Cell-1622,2,30,55,31.8,57.25
1623,Grid-Cell-1623,2,30,57.5,31.8,59.75
1624,Grid-Cell-1624,2,30,60,31.8,62.25
1625,Grid-Cell-1625,2,30,62.5,31.8,64.75
1626,Grid-Cell-1626,2,30,65,31.8,67.25
1627,Grid-Cell-1627,2,30,67.5,31.8,69.75
1628,Grid-Cell-1628,2,30,70,31.8,72.25
1629,Grid-Cell-1629,2,30,72.5,31.8,74.75
1630,Grid-Cell-1630,2,30,75,31.8,77.25
1631,Grid-Cell-1631,2,30,77.5,31.8,79.75
1632,Grid-Cell-1632,2,30,80,31.8,82.25
1633,Grid-Cell-1633,2,30,82.5,31.8,84.75
1634,Grid-Cell-1634,2,30,85,31.8,87.25
1635,Grid-Cell-1635,2,30,87.5,31.8,89.75
1636,Grid-Cell-1636,2,30,90,31.8,92.25
1637,Grid-Cell-1637,2,30,92.5,31.8,94.75
1638,Grid-Cell-1638,2,30,95,31.8,97.25
1639,Grid-Cell-1639,2,30,97.5,31.8,99.75
1640,Grid-Cell-1640,0,32,0,33.8,2.25
1641,Grid-Cell-1641,0,32,2.5,33.8,4.75
1642,Grid-Cell-1642,0,32,5,33.8,7.25
1643,Grid-Cell-1643,0,32,7.5,33.8,9.75
1644,Grid-Cell-1644,0,32,10,33.8,12.25
1645,Grid-Cell-1645,0,32,12.5,33.8,14.75
1646,Grid-Cell-1646,0,32,15,33.8,17.25
1647,Grid-Cell-1647,0,32,17.5,33.8,19.75
1648,Grid-Cell-1648,0,32,20,33.8,22.25
1649,Grid-Cell-1649,0,32,22.5,33.8,24.75
1650,Grid-Cell-1650,0,32,25,33.8,27.25
1651,Grid-Cell-1651,0,32,27.5,33.8,29.75
1652,Grid-Cell-1652,0,32,30,33.8,32.25
1653,Grid-Cell-1653,0,32,32.5,33.8,34.75
1654,Grid-Cell-1654,0,32,35,33.8,37.25
1655,Grid-Cell-1655,0,32,37.5,33.8,39.75
1656,Grid-Cell-1656,0,32,40,33.8,42.25
1657,Grid-Cell-1657,0,32,42.5,33.8,44.75
1658,Grid-Cell-1658,0,32,45,33.8,47.25
1659,Grid-Cell-1659,0,32,47.5,33.8,49.75
1660,Grid-Cell-1660,0,32,50,33.8,52.25
1660,Grid-Cell-1660,2,32,50,33.8,52.25
1661,Grid-Cell-1661,2,32,52.5,33.8,54.75
1662,Grid-Cell-1662,2,32,55,33.8,57.25
1663,Grid-Cell-1663,2,32,57.5,33.8,59.75
1664,Grid-Cell-1664,2,32,60,33.8,62.25
1665,Grid-Cell-1665,2,32,62.5,33.8,64.75
1666,Grid-Cell-1666,2,32,65,33.8,67.25
1667,Grid-Cell-1667,2,32,67.5,33.8,69.75
1668,Grid-Cell-1668,2,32,70,33.8,72.25
1669,Grid-Cell-1669,2,32,72.5,33.8,74.75
1670,Grid-Cell-1670,2,32,75,33.8,77.25
1671,Grid-Cell-1671,2,32,77.5,33.8,79.75
1672,Grid-Cell-1672,2,32,80,33.8,82.25
1673,Grid-Cell-1673,2,32,82.5,33.8,84.75
1674,Grid-Cell-1674,2,32,85,33.8,87.25
1675,Grid-Cell-1675,2,32,87.5,33.8,89.75
1676,Grid-Cell-1676,2,32,90,33.8,92.25
1677,Grid-Cell-1677,2,32,92.5,33.8,94.75
1678,Grid-Cell-1678,2,32,95,33.8,97.25
1679,Grid-Cell-1679,2,32,97.5,33.8,99.75
1680,Grid-Cell-1680,0,34,0,35.8,2.25
1681,Grid-Cell-1681,0,34,2.5,35.8,4.75
1682,Grid-Cell-1682,0,34,5,35.8,7.25
1683,Grid-Cell-1683,0,34,7.5,35.8,9.75
1684,Grid-Cell-1684,0,34,10,35.8,12.25
1685,Grid-Cell-1685,0,34,12.5,35.8,14.75
1686,Grid-Cell-1686,0,34,15,35.8,17.25
1687,Grid-Cell-1687,0,34,17.5,35.8,19.75
1688,Grid-Cell-1688,0,34,20,35.8,22.25
1689,Grid-Cell-1689,0,34,22.5,35.8,24.75
1690,Grid-Cell-1690,0,34,25,35.8,27.25
1691,Grid-Cell-1691,0,34,27.5,35.8,29.75
1692,Grid-Cell-1692,0,34,30,35.8,32.25
1693,Grid-Cell-1693,0,34,32.5,35.8,34.75
1694,Grid-Cell-1694,0,34,35,35.8,37.25
1695,Grid-Cell-1695,0,34,37.5,35.8,39.75
1696,Grid-Cell-1696,0,34,40,35.8,42.25
1697,Grid-Cell-1697,0,34,42.5,35.8,44.75
1698,Grid-Cell-1698,0,34,45,35.8,47.25
1699,Grid-Cell-1699,0,34,47.5,35.8,49.75
1700,Grid-Cell-1700,0,34,50,35.8,52.25
1700,Grid-Cell-1700,2,34,50,35.8,52.25
1701,Grid-Cell-1701,2,34,52.5,35.8,54.75
1702,Grid-Cell-1702,2,34,55,35.8,57.25
1703,Grid-Cell-1703,2,34,57.5,35.8,59.75
1704,Grid-Cell-1704,2,34,60,35.8,62.25
1705,Grid-Cell-1705,2,34,62.5,35.8,64.75
1706,Grid-Cell-1706,2,34,65,35.8,67.25
1707,Grid-Cell-1707,2,34,67.5,35.8,69.75
1708,Grid-Cell-1708,2,34,70,35.8,72.25
1709,Grid-Cell-1709,2,34,72.5,35.8,74.75
1710,Grid-Cell-1710,2,34,75,35.8,77.25
1711,Grid-Cell-1711,2,34,77.5,35.8,79.75
1712,Grid-Cell-1712,2,34,80,35.8,82.25
1713,Grid-Cell-1713,2,34,82.5,35.8,84.75
1714,Grid-Cell-1714,2,34,85,35.8,87.25
1715,Grid-Cell-1715,2,34,87.5,35.8,89.75
1716,Grid-Cell-1716,2,34,90,35.8,92.25
1717,Grid-Cell-1717,2,34,92.5,35.8,94.75
1718,Grid-Cell-1718,2,34,95,35.8,97.25
1719,Grid-Cell-1719,2,34,97.5,35.8,99.75
1720,Grid-Cell-1720,0,36,0,37.8,2.25
1721,Grid-Cell-1721,0,36,2.5,37.8,4.75
1722,Grid-Cell-1722,0,36,5,37.8,7.25
1723,Grid-Cell-1723,0,36,7.5,37.8,9.75
1724,Grid-Cell-1724,0,36,10,37.8,12.25
1725,Grid-Cell-1725,0,36,12.5,37.8,14.75
1726,Grid-Cell-1726,0,36,15,37.8,17.25
1727,Grid-Cell-1727,0,36,17.5,37.8,19.75
1728,Grid-Cell-1728,0,36,20,37.8,22.25
1729,Grid-Cell-1729,0,36,22.5,37.8,24.75
1730,Grid-Cell-1730,0,36,25,37.8,27.25
1731,Grid-Cell-1731,0,36,27.5,37.8,29.75
1732,Grid-Cell-1732,0,36,30,37.8,32.25
1733,Grid-Cell-1733,0,36,32.5,37.8,34.75
1734,Grid-Cell-1734,0,36,35,37.8,37.25
1735,Grid-Cell-1735,0,36,37.5,37.8,39.75
1736,Grid-Cell-1736,0,36,40,37.8,42.25
1737,Grid-Cell-1737,0,36,42.5,37.8,44.75
1738,Grid-Cell-1738,0,36,45,37.8,47.25
1739,Grid-Cell-1739,0,36,47.5,37.8,49.75
1740,Grid-Cell-1740,0,36,50,37.8,52.25
1740,Grid-Cell-1740,2,36,50,37.8,52.25
1741,Grid-Cell-1741,2,36,52.5,37.8,54.75
1742,Grid-Cell-1742,2,36,55,37.8,57.25
1743,Grid-Cell-1743,2,36,57.5,37.8,59.75
1744,Grid-Cell-1744,2,36,60,37.8,62.25
1745,Grid-Cell-1745,2,36,62.5,37.8,64.75
1746,Grid-Cell-1746,2,36,65,37.8,67.25
1747,Grid-Cell-1747,2,36,67.5,37.8,69.75
1748,Grid-Cell-1748,2,36,70,37.8,72.25
1749,Grid-Cell-1749,2,36,72.5,37.8,74.75
1750,Grid-Cell-1750,2,36,75,37.8,77.25
1751,Grid-Cell-1751,2,36,77.5,37.8,79.75
1752,Grid-Cell-1752,2,36,80,37.8,82.25
1753,Grid-Cell-1753,2,36,82.5,37.8,84.75
1754,Grid-Cell-1754,2,36,85,37.8,87.25
1755,Grid-Cell-1755,2,36,87.5,37.8,89.75
1756,Grid-Cell-1756,2,36,90,37.8,92.25
1757,Grid-Cell-1757,2,36,92.5,37.8,94.75
1758,Grid-Cell-1758,2,36,95,37.8,97.25
1759,Grid-Cell-1759,2,36,97.5,37.8,99.75
1760,Grid-Cell-1760,0,38,0,39.8,2.25
1761,Grid-Cell-1761,0,38,2.5,39.8,4.75
1762,Grid-Cell-1762,0,38,5,39.8,7.25
1763,Grid-Cell-1763,0,38,7.5,39.8,9.75
1764,Grid-Cell-1764,0,38,10,39.8,12.25
1765,Grid-Cell-1765,0,38,12.5,39.8,14.75
1766,Grid-Cell-1766,0,38,15,39.8,17.25
1767,Grid-Cell-1767,0,38,17.5,39.8,19.75
1768,Grid-Cell-1768,0,38,20,39.8,22.25
1769,Grid-Cell-1769,0,38,22.5,39.8,24.75
1770,Grid-Cell-1770,0,38,25,39.8,27.25
1771,Grid-Cell-1771,0,38,27.5,39.8,29.75
1772,Grid-Cell-1772,0,38,30,39.8,32.25
1773,Grid-Cell-1773,0,38,32.5,39.8,34.75
1774,Grid-Cell-1774,0,38,35,39.8,37.25
1775,Grid-Cell-1775,0,38,37.5,39.8,39.75
1776,Grid-Cell-1776,0,38,40,39.8,42.25
1777,Grid-Cell-1777,0,38,42.5,39.8,44.75
1778,Grid-Cell-1778,0,38,45,39.8,47.25
1779,Grid-Cell-1779,0,38,47.5,39.8,49.75
1780,Grid-Cell-1780,0,38,50,39.8,52.25
1780,Grid-Cell-1780,2,38,50,39.8,52.25
1781,Grid-Cell-1781,2,38,52.5,39.8,54.75
1782,Grid-Cell-1782,2,38,55,39.8,57.25
1783,Grid-Cell-1783,2,38,57.5,39.8,59.75
1784,Grid-Cell-1784,2,38,60,39.8,62.25
1785,Grid-Cell-1785,2,38,62.5,39.8,64.75
1786,Grid-Cell-1786,2,38,65,39.8,67.25
1787,Grid-Cell-1787,2,38,67.5,39.8,69.75
1788,Grid-Cell-1788,2,38,70,39.8,72.25
1789,Grid-Cell-1789,2,38,72.5,39.8,74.75
1790,Grid-Cell-1790,2,38,75,39.8,77.25
1791,Grid-Cell-1791,2,38,77.5,39.8,79.75
1792,Grid-Cell-1792,2,38,80,39.8,82.25
1793,Grid-Cell-1793,2,38,82.5,39.8,84.75
1794,Grid-Cell-1794,2,38,85,39.8,87.25
1795,Grid-Cell-1795,2,38,87.5,39.8,89.75
1796,Grid-Cell-1796,2,38,90,39.8,92.25
1797,Grid-Cell-1797,2,38,92.5,39.8,94.75
1798,Grid-Cell-1798,2,38,95,39.8,97.25
1799,Grid-Cell-1799,2,38,97.5,39.8,99.75
1800,Grid-Cell-1800,0,40,0,41.8,2.25
1801,Grid-Cell-1801,0,40,2.5,41.8,4.75
1802,Grid-Cell-1802,0,40,5,41.8,7.25
1803,Grid-Cell-1803,0,40,7.5,41.8,9.75
1804,Grid-Cell-1804,0,40,10,41.8,12.25
1805,Grid-Cell-1805,0,40,12.5,41.8,14.75
1806,Grid-Cell-1806,0,40,15,41.8,17.25
1807,Grid-Cell-1807,0,40,17.5,41.8,19.75
1808,Grid-Cell-1808,0,40,20,41.8,22.25
1809,Grid-Cell-1809,0,40,22.5,41.8,24.75
1810,Grid-Cell-1810,0,40,25,41.8,27.25
1811,Grid-Cell-1811,0,40,27.5,41.8,29.75
1812,Grid-Cell-1812,0,40,30,41.8,32.25
1813,Grid-Cell-1813,0,40,32.5,41.8,34.75
1814,Grid-Cell-1814,0,40,35,41.8,37.25
1815,Grid-Cell-1815,0,40,37.5,41.8,39.75
1816,Grid-Cell-1816,0,40,40,41.8,42.25
1817,Grid-Cell-1817,0,40,42.5,41.8,44.75
1818,Grid-Cell-1818,0,40,45,41.8,47.25
1819,Grid-Cell-1819,0,40,47.5,41.8,49.75
1820,Grid-Cell-1820,0,40,50,41.8,52.25
1820,Grid-Cell-1820,2,40,50,41.8,52.25
1821,Grid-Cell-1821,2,40,52.5,41.8,54.75
1822,Grid-Cell-1822,2,40,55,41.8,57.25
1823,Grid-Cell-1823,2,40,57.5,41.8,59.75
1824,Grid-Cell-1824,2,40,60,41.8,62.25
1825,Grid-Cell-1825,2,40,62.5,41.8,64.75
1826,Grid-Cell-1826,2,40,65,41.8,67.25
1827,Grid-Cell-1827,2,40,67.5,41.8,69.75
1828,Grid-Cell-1828,2,40,70,41.8,72.25
1829,Grid-Cell-1829,2,40,72.5,41.8,74.75
1830,Grid-Cell-1830,2,40,75,41.8,77.25
1831,Grid-Cell-1831,2,40,77.5,41.8,79.75
1832,Grid-Cell-1832,2,40,80,41.8,82.25
1833,Grid-Cell-1833,2,40,82.5,41.8,84.75
1834,Grid-Cell-1834,2,40,85,41.8,87.25
1835,Grid-Cell-1835,2,40,87.5,41.8,89.75
1836,Grid-Cell-1836,2,40,90,41.8,92.25
1837,Grid-Cell-1837,2,40,92.5,41.8,94.75
1838,Grid-Cell-1838,2,40,95,41.8,97.25
1839,Grid-Cell-1839,2,40,97.5,41.8,99.75
1840,Grid-Cell-1840,0,42,0,43.8,2.25
1841,Grid-Cell-1841,0,42,2.5,43.8,4.75
1842,Grid-Cell-1842,0,42,5,43.8,7.25
1843,Grid-Cell-1843,0,42,7.5,43.8,9.75
1844,Grid-Cell-1844,0,42,10,43.8,12.25
1845,Grid-Cell-1845,0,42,12.5,43.8,14.75
1846,Grid-Cell-1846,0,42,15,43.8,17.25
1847,Grid-Cell-1847,0,42,17.5,43.8,19.75
1848,Grid-Cell-1848,0,42,20,43.8,22.25
1849,Grid-Cell-1849,0,42,22.5,43.8,24.75
1850,Grid-Cell-1850,0,42,25,43.8,27.25
1851,Grid-Cell-1851,0,42,27.5,43.8,29.75
1852,Grid-Cell-1852,0,42,30,43.8,32.25
1853,Grid-Cell-1853,0,42,32.5,43.8,34.75
1854,Grid-Cell-1854,0,42,35,43.8,37.25
1855,Grid-Cell-1855,0,42,37.5,43.8,39.75
1856,Grid-Cell-1856,0,42,40,43.8,42.25
1857,Grid-Cell-1857,0,42,42.5,43.8,44.75
1858,Grid-Cell-1858,0,42,45,43.8,47.25
1859,Grid-Cell-1859,0,42,47.5,43.8,49.75
1860,Grid-Cell-1860,0,42,50,43.8,52.25
1860,Grid-Cell-1860,2,42,50,43.8,52.25
1861,Grid-Cell-1861,2,42,52.5,43.8,54.75
1862,Grid-Cell-1862,2,42,55,43.8,57.25
1863,Grid-Cell-1863,2,42,57.5,43.8,59.75
1864,Grid-Cell-1864,2,42,60,43.8,62.25
1865,Grid-Cell-1865,2,42,62.5,43.8,64.75
1866,Grid-Cell-1866,2,42,65,43.8,67.25
1867,Grid-Cell-1867,2,42,67.5,43.8,69.75
1868,Grid-Cell-1868,2,42,70,43.8,72.25
1869,Grid-Cell-1869,2,42,72.5,43.8,74.75
1870,Grid-Cell-1870,2,42,75,43.8,77.25
1871,Grid-Cell-1871,2,42,77.5,43.8,79.75
1872,Grid-Cell-1872,2,42,80,43.8,82.25
1873,Grid-Cell-1873,2,42,82.5,43.8,84.75
1874,Grid-Cell-1874,2,42,85,43.8,87.25
1875,Grid-Cell-1875,2,42,87.5,43.8,89.75
1876,Grid-Cell-1876,2,42,90,43.8,92.25
1877,Grid-Cell-1877,2,42,92.5,43.8,94.75
1878,Grid-Cell-1878,2,42,95,43.8,97.25
1879,Grid-Cell-1879,2,42,97.5,43.8,99.75
1880,Grid-Cell-1880,0,44,0,45.8,2.25
1881,Grid-Cell-1881,0,44,2.5,45.8,4.75
1882,Grid-Cell-1882,0,44,5,45.8,7.25
1883,Grid-Cell-1883,0,44,7.5,45.8,9.75
1884,Grid-Cell-1884,0,44,10,45.8,12.25
1885,Grid-Cell-1885,0,44,12.5,45.8,14.75
1886,Grid-Cell-1886,0,44,15,45.8,17.25
1887,Grid-Cell-1887,0,44,17.5,45.8,19.75
1888,Grid-Cell-1888,0,44,20,45.8,22.25
1889,Grid-Cell-1889,0,44,22.5,45.8,24.75
1890,Grid-Cell-1890,0,44,25,45.8,27.25
1891,Grid-Cell-1891,0,44,27.5,45.8,29.75
1892,Grid-Cell-1892,0,44,30,45.8,32.25
1893,Grid-Cell-1893,0,44,32.5,45.8,34.75
1894,Grid-Cell-1894,0,44,35,45.8,37.25
1895,Grid-Cell-1895,0,44,37.5,45.8,39.75
1896,Grid-Cell-1896,0,44,40,45.8,42.25
1897,Grid-Cell-1897,0,44,42.5,45.8,44.75
1898,Grid-Cell-1898,0,44,45,45.8,47.25
1899,Grid-Cell-1899,0,44,47.5,45.8,49.75
1900,Grid-Cell-1900,0,44,50,45.8,52.25
1900,Grid-Cell-1900,2,44,50,45.8,52.25
1901,Grid-Cell-1901,2,44,52.5,45.8,54.75
1902,Grid-Cell-1902,2,44,55,45.8,57.25
1903,Grid-Cell-1903,2,44,57.5,45.8,59.75
1904,Grid-Cell-1904,2,44,60,45.8,62.25
1905,Grid-Cell-1905,2,44,62.5,45.8,64.75
1906,Grid-Cell-1906,2,44,65,45.8,67.25
1907,Grid-Cell-1907,2,44,67.5,45.8,69.75
1908,Grid-Cell-1908,2,44,70,45.8,72.25
1909,Grid-Cell-1909,2,44,72.5,45.8,74.75
1910,Grid-Cell-1910,2,44,75,45.8,77.25
1911,Grid-Cell-1911,2,44,77.5,45.8,79.75
1912,Grid-Cell-1912,2,44,80,45.8,82.25
1913,Grid-Cell-1913,2,44,82.5,45.8,84.75
1914,Grid-Cell-1914,2,44,85,45.8,87.25
1915,Grid-Cell-1915,2,44,87.5,45.8,89.75
1916,Grid-Cell-1916,2,44,90,45.8,92.25
1917,Grid-Cell-1917,2,44,92.5,45.8,94.75
1918,Grid-Cell-1918,2,44,95,45.8,97.25
1919,Grid-Cell-1919,2,44,97.5,45.8,99.75
1920,Grid-Cell-1920,0,46,0,47.8,2.25
1921,Grid-Cell-1921,0,46,2.5,47.8,4.75
1922,Grid-Cell-1922,0,46,5,47.8,7.25
1923,Grid-Cell-1923,0,46,7.5,47.8,9.75
1924,Grid-Cell-1924,0,46,10,47.8,12.25
1925,Grid-Cell-1925,0,46,12.5,47.8,14.75
1926,Grid-Cell-1926,0,46,15,47.8,17.25
1927,Grid-Cell-1927,0,46,17.5,47.8,19.75
1928,Grid-Cell-1928,0,46,20,47.8,22.25
1929,Grid-Cell-1929,0,46,22.5,47.8,24.75
1930,Grid-Cell-1930,0,46,25,47.8,27.25
1931,Grid-Cell-1931,0,46,27.5,47.8,29.75
1932,Grid-Cell-1932,0,46,30,47.8,32.25
1933,Grid-Cell-1933,0,46,32.5,47.8,34.75
1934,Grid-Cell-1934,0,46,35,47.8,37.25
1935,Grid-Cell-1935,0,46,37.5,47.8,39.75
1936,Grid-Cell-1936,0,46,40,47.8,42.25
1937,Grid-Cell-1937,0,46,42.5,47.8,44.75
1938,Grid-Cell-1938,0,46,45,47.8,47.25
1939,Grid-Cell-1939,0,46,47.5,47.8,49.75
1940,Grid-Cell-1940,0,46,50,47.8,52.25
1940,Grid-Cell-1940,2,46,50,47.8,52.25
1941,Grid-Cell-1941,2,46,52.5,47.8,54.75
1942,Grid-Cell-1942,2,46,55,47.8,57.25
1943,Grid-Cell-1943,2,46,57.5,47.8,59.75
1944,Grid-Cell-1944,2,46,60,47.8,62.25
1945,Grid-Cell-1945,2,46,62.5,47.8,64.75
1946,Grid-Cell-1946,2,46,65,47.8,67.25
1947,Grid-Cell-1947,2,46,67.5,47.8,69.75
1948,Grid-Cell-1948,2,46,70,47.8,72.25
1949,Grid-Cell-1949,2,46,72.5,47.8,74.75
1950,Grid-Cell-1950,2,46,75,47.8,77.25
1951,Grid-Cell-1951,2,46,77.5,47.8,79.75
1952,Grid-Cell-1952,2,46,80,47.8,82.25
1953,Grid-Cell-1953,2,46,82.5,47.8,84.75
1954,Grid-Cell-1954,2,46,85,47.8,87.25
1955,Grid-Cell-1955,2,46,87.5,47.8,89.75
1956,Grid-Cell-1956,2,46,90,47.8,92.25
1957,Grid-Cell-1957,2,46,92.5,47.8,94.75
1958,Grid-Cell-1958,2,46,95,47.8,97.25
1959,Grid-Cell-1959,2,46,97.5,47.8,99.75
1960,Grid-Cell-1960,0,48,0,49.8,2.25
1961,Grid-Cell-1961,0,48,2.5,49.8,4.75
1962,Grid-Cell-1962,0,48,5,49.8,7.25
1963,Grid-Cell-1963,0,48,7.5,49.8,9.75
1964,Grid-Cell-1964,0,48,10,49.8,12.25
1965,Grid-Cell-1965,0,48,12.5,49.8,14.75
1966,Grid-Cell-1966,0,48,15,49.8,17.25
1967,Grid-Cell-1967,0,48,17.5,49.8,19.75
1968,Grid-Cell-1968,0,48,20,49.8,22.25
1969,Grid-Cell-1969,0,48,22.5,49.8,24.75
1970,Grid-Cell-1970,0,48,25,49.8,27.25
1971,Grid-Cell-1971,0,48,27.5,49.8,29.75
1972,Grid-Cell-1972,0,48,30,49.8,32.25
1973,Grid-Cell-1973,0,48,32.5,49.8,34.75
1974,Grid-Cell-1974,0,48,35,49.8,37.25
1975,Grid-Cell-1975,0,48,37.5,49.8,39.75
1976,Grid-Cell-1976,0,48,40,49.8,42.25
1977,Grid-Cell-1977,0,48,42.5,49.8,44.75
1978,Grid-Cell-1978,0,48,45,49.8,47.25
1979,Grid-Cell-1979,0,48,47.5,49.8,49.75
1980,Grid-Cell-1980,0,48,50,49.8,52.25
1980,Grid-Cell-1980,2,48,50,49.8,52.25
1981,Grid-Cell-1981,2,48,52.5,49.8,54.75
1982,Grid-Cell-1982,2,48,55,49.8,57.25
1983,Grid-Cell-1983,2,48,57.5,49.8,59.75
1984,Grid-Cell-1984,2,48,60,49.8,62.25
1985,Grid-Cell-1985,2,48,62.5,49.8,64.75
1986,Grid-Cell-1986,2,48,65,49.8,67.25
1987,Grid-Cell-1987,2,48,67.5,49.8,69.75
1988,Grid-Cell-1988,2,48,70,49.8,72.25
1989,Grid-Cell-1989,2,48,72.5,49.8,74.75
1990,Grid-Cell-1990,2,48,75,49.8,77.25
1991,Grid-Cell-1991,2,48,77.5,49.8,79.75
1992,Grid-Cell-1992,2,48,80,49.8,82.25
1993,Grid-Cell-1993,2,48,82.5,49.8,84.75
1994,Grid-Cell-1994,2,48,85,49.8,87.25
1995,Grid-Cell-1995,2,48,87.5,49.8,89.75
1996,Grid-Cell-1996,2,48,90,49.8,92.25
1997,Grid-Cell-1997,2,48,92.5,49.8,94.75
1998,Grid-Cell-1998,2,48,95,49.8,97.25
1999,Grid-Cell-1999,2,48,97.5,49.8,99.75
2000,Grid-Cell-2000,0,50,0,51.8,2.25
2000,Grid-Cell-2000,1,50,0,51.8,2.25
2001,Grid-Cell-2001,0,50,2.5,51.8,4.75
2001,Grid-Cell-2001,1,50,2.5,51.8,4.75
2002,Grid-Cell-2002,0,50,5,51.8,7.25
2002,Grid-Cell-2002,1,50,5,51.8,7.25
2003,Grid-Cell-2003,0,50,7.5,51.8,9.75
2003,Grid-Cell-2003,1,50,7.5,51.8,9.75
2004,Grid-Cell-2004,0,50,10,51.8,12.25
2004,Grid-Cell-2004,1,50,10,51.8,12.25
2005,Grid-Cell-2005,0,50,12.5,51.8,14.75
2005,Grid-Cell-2005,1,50,12.5,51.8,14.75
2006,Grid-Cell-2006,0,50,15,51.8,17.25
2006,Grid-Cell-2006,1,50,15,51.8,17.25
2007,Grid-Cell-2007,0,50,17.5,51.8,19.75
2007,Grid-Cell-2007,1,50,17.5,51.8,19.75
2008,Grid-Cell-2008,0,50,20,51.8,22.25
2008,Grid-Cell-2008,1,50,20,51.8,22.25
2009,Grid-Cell-2009,0,50,22.5,51.8,24.75
2009,Grid-Cell-2009,1,50,22.5,51.8,24.75
2010,Grid-Cell-2010,0,50,25,51.8,27.25
2010,Grid-Cell-2010,1,50,25,51.8,27.25
2011,Grid-Cell-2011,0,50,27.5,51.8,29.75
2011,Grid-Cell-2011,1,50,27.5,51.8,29.75
2012,Grid-Cell-2012,0,50,30,51.8,32.25
2012,Grid-Cell-2012,1,50,30,51.8,32.25
2013,Grid-Cell-2013,0,50,32.5,51.8,34.75
2013,Grid-Cell-2013,1,50,32.5,51.8,34.75
2014,Grid-Cell-2014,0,50,35,51.8,37.25
2014,Grid-Cell-2014,1,50,35,51.8,37.25
2015,Grid-Cell-2015,0,50,37.5,51.8,39.75
2015,Grid-Cell-2015,1,50,37.5,51.8,39.75
2016,Grid-Cell-2016,0,50,40,51.8,42.25
2016,Grid-Cell-2016,1,50,40,51.8,42.25
2017,Grid-Cell-2017,0,50,42.5,51.8,44.75
2017,Grid-Cell-2017,1,50,42.5,51.8,44.75
2018,Grid-Cell-2018,0,50,45,51.8,47.25
2018,Grid-Cell-2018,1,50,45,51.8,47.25
2019,Grid-Cell-2019,0,50,47.5,51.8,49.75
2019,Grid-Cell-2019,1,50,47.5,51.8,49.75
2020,Grid-Cell-2020,0,50,50,51.8,52.25
2020,Grid-Cell-2020,1,50,50,51.8,52.25
2020,Grid-Cell-2020,2,50,50,51.8,52.25
2020,Grid-Cell-2020,3,50,50,51.8,52.25
2021,Grid-Cell-2021,2,50,52.5,51.8,54.75
2021,Grid-Cell-2021,3,50,52.5,51.8,54.75
2022,Grid-Cell-2022,2,50,55,51.8,57.25
2022,Grid-Cell-2022,3,50,55,51.8,57.25
2023,Grid-Cell-2023,2,50,57.5,51.8,59.75
2023,Grid-Cell-2023,3,50,57.5,51.8,59.75
2024,Grid-Cell-2024,2,50,60,51.8,62.25
2024,Grid-Cell-2024,3,50,60,51.8,62.25
2025,Grid-Cell-2025,2,50,62.5,51.8,64.75
2025,Grid-Cell-2025,3,50,62.5,51.8,64.75
2026,Grid-Cell-2026,2,50,65,51.8,67.25
2026,Grid-Cell-2026,3,50,65,51.8,67.25
2027,Grid-Cell-2027,2,50,67.5,51.8,69.75
2027,Grid-Cell-2027,3,50,67.5,51.8,69.75
2028,Grid-Cell-2028,2,50,70,51.8,72.25
2028,Grid-Cell-2028,3,50,70,51.8,72.25
2029,Grid-Cell-2029,2,50,72.5,51.8,74.75
2029,Grid-Cell-2029,3,50,72.5,51.8,74.75
2030,Grid-Cell-2030,2,50,75,51.8,77.25
2030,Grid-Cell-2030,3,50,75,51.8,77.25
2031,Grid-Cell-2031,2,50,77.5,51.8,79.75
2031,Grid-Cell-2031,3,50,77.5,51.8,79.75
2032,Grid-Cell-2032,2,50,80,51.8,82.25
2032,Grid-Cell-2032,3,50,80,51.8,82.25
2033,Grid-Cell-2033,2,50,82.5,51.8,84.75
2033,Grid-Cell-2033,3,50,82.5,51.8,84.75
2034,Grid-Cell-2034,2,50,85,51.8,87.25
2034,Grid-Cell-2034,3,50,85,51.8,87.25
2035,Grid-Cell-2035,2,50,87.5,51.8,89.75
2035,Grid-Cell-2035,3,50,87.5,51.8,89.75
2036,Grid-Cell-2036,2,50,90,51.8,92.25
2036,Grid-Cell-2036,3,50,90,51.8,92.25
2037,Grid-Cell-2037,2,50,92.5,51.8,94.75
2037,Grid-Cell-2037,3,50,92.5,51.8,94.75
2038,Grid-Cell-2038,2,50,95,51.8,97.25
2038,Grid-Cell-2038,3,50,95,51.8,97.25
2039,Grid-Cell-2039,2,50,97.5,51.8,99.75
2039,Grid-Cell-2039,3,50,97.5,51.8,99.75
2040,Grid-Cell-2040,1,52,0,53.8,2.25
2041,Grid-Cell-2041,1,52,2.5,53.8,4.75
2042,Grid-Cell-2042,1,52,5,53.8,7.25
2043,Grid-Cell-2043,1,52,7.5,53.8,9.75
2044,Grid-Cell-2044,1,52,10,53.8,12.25
2045,Grid-Cell-2045,1,52,12.5,53.8,14.75
2046,Grid-Cell-2046,1,52,15,53.8,17.25
2047,Grid-Cell-2047,1,52,17.5,53.8,19.75
2048,Grid-Cell-2048,1,52,20,53.8,22.25
2049,Grid-Cell-2049,1,52,22.5,53.8,24.75
2050,Grid-Cell-2050,1,52,25,53.8,27.25
2051,Grid-Cell-2051,1,52,27.5,53.8,29.75
2052,Grid-Cell-2052,1,52,30,53.8,32.25
2053,Grid-Cell-2053,1,52,32.5,53.8,34.75
2054,Grid-Cell-2054,1,52,35,53.8,37.25
2055,Grid-Cell-2055,1,52,37.5,53.8,39.75
2056,Grid-Cell-2056,1,52,40,53.8,42.25
2057,Grid-Cell-2057,1,52,42.5,53.8,44.75
2058,Grid-Cell-2058,1,52,45,53.8,47.25
2059,Grid-Cell-2059,1,52,47.5,53.8,49.75
2060,Grid-Cell-2060,1,52,50,53.8,52.25
2060,Grid-Cell-2060,3,52,50,53.8,52.25
2061,Grid-Cell-2061,3,52,52.5,53.8,54.75
2062,Grid-Cell-2062,3,52,55,53.8,57.25
2063,Grid-Cell-2063,3,52,57.5,53.8,59.75
2064,Grid-Cell-2064,3,52,60,53.8,62.25
2065,Grid-Cell-2065,3,52,62.5,53.8,64.75
2066,Grid-Cell-2066,3,52,65,53.8,67.25
2067,Grid-Cell-2067,3,52,67.5,53.8,69.75
2068,Grid-Cell-2068,3,52,70,53.8,72.25
2069,Grid-Cell-2069,3,52,72.5,53.8,74.75
2070,Grid-Cell-2070,3,52,75,53.8,77.25
2071,Grid-Cell-2071,3,52,77.5,53.8,79.75
2072,Grid-Cell-2072,3,52,80,53.8,82.25
2073,Grid-Cell-2073,3,52,82.5,53.8,84.75
2074,Grid-Cell-2074,3,52,85,53.8,87.25
2075,Grid-Cell-2075,3,52,87.5,53.8,89.75
2076,Grid-Cell-2076,3,52,90,53.8,92.25
2077,Grid-Cell-2077,3,52,92.5,53.8,94.75
2078,Grid-Cell-2078,3,52,95,53.8,97.25
2079,Grid-Cell-2079,3,52,97.5,53.8,99.75
2080,Grid-Cell-2080,1,54,0,55.8,2.25
2081,Grid-Cell-2081,1,54,2.5,55.8,4.75
2082,Grid-Cell-2082,1,54,5,55.8,7.25
2083,Grid-Cell-2083,1,54,7.5,55.8,9.75
2084,Grid-Cell-2084,1,54,10,55.8,12.25
2085,Grid-Cell-2085,1,54,12.5,55.8,14.75
2086,Grid-Cell-2086,1,54,15,55.8,17.25
2087,Grid-Cell-2087,1,54,17.5,55.8,19.75
2088,Grid-Cell-2088,1,54,20,55.8,22.25
2089,Grid-Cell-2089,1,54,22.5,55.8,24.75
2090,Grid-Cell-2090,1,54,25,55.8,27.25
2091,Grid-Cell-2091,1,54,27.5,55.8,29.75
2092,Grid-Cell-2092,1,54,30,55.8,32.25
2093,Grid-Cell-2093,1,54,32.5,55.8,34.75
2094,Grid-Cell-2094,1,54,35,55.8,37.25
2095,Grid-Cell-2095,1,54,37.5,55.8,39.75
2096,Grid-Cell-2096,1,54,40,55.8,42.25
2097,Grid-Cell-2097,1,54,42.5,55.8,44.75
2098,Grid-Cell-2098,1,54,45,55.8,47.25
2099,Grid-Cell-2099,1,54,47.5,55.8,49.75
2100,Grid-Cell-2100,1,54,50,55.8,52.25
2100,Grid-Cell-2100,3,54,50,55.8,52.25
2101,Grid-Cell-2101,3,54,52.5,55.8,54.75
2102,Grid-Cell-2102,3,54,55,55.8,57.25
2103,Grid-Cell-2103,3,54,57.5,55.8,59.75
2104,Grid-Cell-2104,3,54,60,55.8,62.25
2105,Grid-Cell-2105,3,54,62.5,55.8,64.75
2106,Grid-Cell-2106,3,54,65,55.8,67.25
2107,Grid-Cell-2107,3,54,67.5,55.8,69.75
2108,Grid-Cell-2108,3,54,70,55.8,72.25
2109,Grid-Cell-2109,3,54,72.5,55.8,74.75
2110,Grid-Cell-2110,3,54,75,55.8,77.25
2111,Grid-Cell-2111,3,54,77.5,55.8,79.75
2112,Grid-Cell-2112,3,54,80,55.8,82.25
2113,Grid-Cell-2113,3,54,82.5,55.8,84.75
2114,Grid-Cell-2114,3,54,85,55.8,87.25
2115,Grid-Cell-2115,3,54,87.5,55.8,89.75
2116,Grid-Cell-2116,3,54,90,55.8,92.25
2117,Grid-Cell-2117,3,54,92.5,55.8,94.75
2118,Grid-Cell-2118,3,54,95,55.8,97.25
2119,Grid-Cell-2119,3,54,97.5,55.8,99.75
2120,Grid-Cell-2120,1,56,0,57.8,2.25
2121,Grid-Cell-2121,1,56,2.5,57.8,4.75
2122,Grid-Cell-2122,1,56,5,57.8,7.25
2123,Grid-Cell-2123,1,56,7.5,57.8,9.75
2124,Grid-Cell-2124,1,56,10,57.8,12.25
2125,Grid-Cell-2125,1,56,12.5,57.8,14.75
2126,Grid-Cell-2126,1,56,15,57.8,17.25
2127,Grid-Cell-2127,1,56,17.5,57.8,19.75
2128,Grid-Cell-2128,1,56,20,57.8,22.25
2129,Grid-Cell-2129,1,56,22.5,57.8,24.75
2130,Grid-Cell-2130,1,56,25,57.8,27.25
2131,Grid-Cell-2131,1,56,27.5,57.8,29.75
2132,Grid-Cell-2132,1,56,30,57.8,32.25
2133,Grid-Cell-2133,1,56,32.5,57.8,34.75
2134,Grid-Cell-2134,1,56,35,57.8,37.25
2135,Grid-Cell-2135,1,56,37.5,57.8,39.75
2136,Grid-Cell-2136,1,56,40,57.8,42.25
2137,Grid-Cell-2137,1,56,42.5,57.8,44.75
2138,Grid-Cell-2138,1,56,45,57.8,47.25
2139,Grid-Cell-2139,1,56,47.5,57.8,49.75
2140,Grid-Cell-2140,1,56,50,57.8,52.25
2140,Grid-Cell-2140,3,56,50,57.8,52.25
2141,Grid-Cell-2141,3,56,52.5,57.8,54.75
2142,Grid-Cell-2142,3,56,55,57.8,57.25
2143,Grid-Cell-2143,3,56,57.5,57.8,59.75
2144,Grid-Cell-2144,3,56,60,57.8,62.25
2145,Grid-Cell-2145,3,56,62.5,57.8,64.75
2146,Grid-Cell-2146,3,56,65,57.8,67.25
2147,Grid-Cell-2147,3,56,67.5,57.8,69.75
2148,Grid-Cell-2148,3,56,70,57.8,72.25
2149,Grid-Cell-2149,3,56,72.5,57.8,74.75
2150,Grid-Cell-2150,3,56,75,57.8,77.25
2151,Grid-Cell-2151,3,56,77.5,57.8,79.75
2152,Grid-Cell-2152,3,56,80,57.8,82.25
2153,Grid-Cell-2153,3,56,82.5,57.8,84.75
2154,Grid-Cell-2154,3,56,85,57.8,87.25
2155,Grid-Cell-2155,3,56,87.5,57.8,89.75
2156,Grid-Cell-2156,3,56,90,57.8,92.25
2157,Grid-Cell-2157,3,56,92.5,57.8,94.75
2158,Grid-Cell-2158,3,56,95,57.8,97.25
2159,Grid-Cell-2159,3,56,97.5,57.8,99.75
2160,Grid-Cell-2160,1,58,0,59.8,2.25
2161,Grid-Cell-2161,1,58,2.5,59.8,4.75
2162,Grid-Cell-2162,1,58,5,59.8,7.25
2163,Grid-Cell-2163,1,58,7.5,59.8,9.75
2164,Grid-Cell-2164,1,58,10,59.8,12.25
2165,Grid-Cell-2165,1,58,12.5,59.8,14.75
2166,Grid-Cell-2166,1,58,15,59.8,17.25
2167,Grid-Cell-2167,1,58,17.5,59.8,19.75
2168,Grid-Cell-2168,1,58,20,59.8,22.25
2169,Grid-Cell-2169,1,58,22.5,59.8,24.75
2170,Grid-Cell-2170,1,58,25,59.8,27.25
2171,Grid-Cell-2171,1,58,27.5,59.8,29.75
2172,Grid-Cell-2172,1,58,30,59.8,32.25
2173,Grid-Cell-2173,1,58,32.5,59.8,34.75
2174,Grid-Cell-2174,1,58,35,59.8,37.25
2175,Grid-Cell-2175,1,58,37.5,59.8,39.75
2176,Grid-Cell-2176,1,58,40,59.8,42.25
2177,Grid-Cell-2177,1,58,42.5,59.8,44.75
2178,Grid-Cell-2178,1,58,45,59.8,47.25
2179,Grid-Cell-2179,1,58,47.5,59.8,49.75
2180,Grid-Cell-2180,1,58,50,59.8,52.25
2180,Grid-Cell-2180,3,58,50,59.8,52.25
2181,Grid-Cell-2181,3,58,52.5,59.8,54.75
2182,Grid-Cell-2182,3,58,55,59.8,57.25
2183,Grid-Cell-2183,3,58,57.5,59.8,59.75
2184,Grid-Cell-2184,3,58,60,59.8,62.25
2185,Grid-Cell-2185,3,58,62.5,59.8,64.75
2186,Grid-Cell-2186,3,58,65,59.8,67.25
2187,Grid-Cell-2187,3,58,67.5,59.8,69.75
2188,Grid-Cell-2188,3,58,70,59.8,72.25
2189,Grid-Cell-2189,3,58,72.5,59.8,74.75
2190,Grid-Cell-2190,3,58,75,59.8,77.25
2191,Grid-Cell-2191,3,58,77.5,59.8,79.75
2192,Grid-Cell-2192,3,58,80,59.8,82.25
2193,Grid-Cell-2193,3,58,82.5,59.8,84.75
2194,Grid-Cell-2194,3,58,85,59.8,87.25
2195,Grid-Cell-2195,3,58,87.5,59.8,89.75
2196,Grid-Cell-2196,3,58,90,59.8,92.25
2197,Grid-Cell-2197,3,58,92.5,59.8,94.75
2198,Grid-Cell-2198,3,58,95,59.8,97.25
2199,Grid-Cell-2199,3,58,97.5,59.8,99.75
2200,Grid-Cell-2200,1,60,0,61.8,2.25
2201,Grid-Cell-2201,1,60,2.5,61.8,4.75
2202,Grid-Cell-2202,1,60,5,61.8,7.25
2203,Grid-Cell-2203,1,60,7.5,61.8,9.75
2204,Grid-Cell-2204,1,60,10,61.8,12.25
2205,Grid-Cell-2205,1,60,12.5,61.8,14.75
2206,Grid-Cell-2206,1,60,15,61.8,17.25
2207,Grid-Cell-2207,1,60,17.5,61.8,19.75
2208,Grid-Cell-2208,1,60,20,61.8,22.25
2209,Grid-Cell-2209,1,60,22.5,61.8,24.75
2210,Grid-Cell-2210,1,60,25,61.8,27.25
2211,Grid-Cell-2211,1,60,27.5,61.8,29.75
2212,Grid-Cell-2212,1,60,30,61.8,32.25
2213,Grid-Cell-2213,1,60,32.5,61.8,34.75
2214,Grid-Cell-2214,1,60,35,61.8,37.25
2215,Grid-Cell-2215,1,60,37.5,61.8,39.75
2216,Grid-Cell-2216,1,60,40,61.8,42.25
2217,Grid-Cell-2217,1,60,42.5,61.8,44.75
2218,Grid-Cell-2218,1,60,45,61.8,47.25
2219,Grid-Cell-2219,1,60,47.5,61.8,49.75
2220,Grid-Cell-2220,1,60,50,61.8,52.25
2220,Grid-Cell-2220,3,60,50,61.8,52.25
2221,Grid-Cell-2221,3,60,52.5,61.8,54.75
2222,Grid-Cell-2222,3,60,55,61.8,57.25
2223,Grid-Cell-2223,3,60,57.5,61.8,59.75
2224,Grid-Cell-2224,3,60,60,61.8,62.25
2225,Grid-Cell-2225,3,60,62.5,61.8,64.75
2226,Grid-Cell-2226,3,60,65,61.8,67.25
2227,Grid-Cell-2227,3,60,67.5,61.8,69.75
2228,Grid-Cell-2228,3,60,70,61.8,72.25
2229,Grid-Cell-2229,3,60,72.5,61.8,74.75
2230,Grid-Cell-2230,3,60,75,61.8,77.25
2231,Grid-Cell-2231,3,60,77.5,61.8,79.75
2232,Grid-Cell-2232,3,60,80,61.8,82.25
2233,Grid-Cell-2233,3,60,82.5,61.8,84.75
2234,Grid-Cell-2234,3,60,85,61.8,87.25
2235,Grid-Cell-2235,3,60,87.5,61.8,89.75
2236,Grid-Cell-2236,3,60,90,61.8,92.25
2237,Grid-Cell-2237,3,60,92.5,61.8,94.75
2238,Grid-Cell-2238,3,60,95,61.8,97.25
2239,Grid-Cell-2239,3,60,97.5,61.8,99.75
2240,Grid-Cell-2240,1,62,0,63.8,2.25
2241,Grid-Cell-2241,1,62,2.5,63.8,4.75
2242,Grid-Cell-2242,1,62,5,63.8,7.25
2243,Grid-Cell-2243,1,62,7.5,63.8,9.75
2244,Grid-Cell-2244,1,62,10,63.8,12.25
2245,Grid-Cell-2245,1,62,12.5,63.8,14.75
2246,Grid-Cell-2246,1,62,15,63.8,17.25
2247,Grid-Cell-2247,1,62,17.5,63.8,19.75
2248,Grid-Cell-2248,1,62,20,63.8,22.25
2249,Grid-Cell-2249,1,62,22.5,63.8,24.75
2250,Grid-Cell-2250,1,62,25,63.8,27.25
2251,Grid-Cell-2251,1,62,27.5,63.8,29.75
2252,Grid-Cell-2252,1,62,30,63.8,32.25
2253,Grid-Cell-2253,1,62,32.5,63.8,34.75
2254,Grid-Cell-2254,1,62,35,63.8,37.25
2255,Grid-Cell-2255,1,62,37.5,63.8,39.75
2256,Grid-Cell-2256,1,62,40,63.8,42.25
2257,Grid-Cell-2257,1,62,42.5,63.8,44.75
2258,Grid-Cell-2258,1,62,45,63.8,47.25
2259,Grid-Cell-2259,1,62,47.5,63.8,49.75
2260,Grid-Cell-2260,1,62,50,63.8,52.25
2260,Grid-Cell-2260,3,62,50,63.8,52.25
2261,Grid-Cell-2261,3,62,52.5,63.8,54.75
2262,Grid-Cell-2262,3,62,55,63.8,57.25
2263,Grid-Cell-2263,3,62,57.5,63.8,59.75
2264,Grid-Cell-2264,3,62,60,63.8,62.25
2265,Grid-Cell-2265,3,62,62.5,63.8,64.75
2266,Grid-Cell-2266,3,62,65,63.8,67.25
2267,Grid-Cell-2267,3,62,67.5,63.8,69.75
2268,Grid-Cell-2268,3,62,70,63.8,72.25
2269,Grid-Cell-2269,3,62,72.5,63.8,74.75
2270,Grid-Cell-2270,3,62,75,63.8,77.25
2271,Grid-Cell-2271,3,62,77.5,63.8,79.75
2272,Grid-Cell-2272,3,62,80,63.8,82.25
2273,Grid-Cell-2273,3,62,82.5,63.8,84.75
2274,Grid-Cell-2274,3,62,85,63.8,87.25
2275,Grid-Cell-2275,3,62,87.5,63.8,89.75
2276,Grid-Cell-2276,3,62,90,63.8,92.25
2277,Grid-Cell-2277,3,62,92.5,63.8,94.75
2278,Grid-Cell-2278,3,62,95,63.8,97.25
2279,Grid-Cell-2279,3,62,97.5,63.8,99.75
2280,Grid-Cell-2280,1,64,0,65.8,2.25
2281,Grid-Cell-2281,1,64,2.5,65.8,4.75
2282,Grid-Cell-2282,1,64,5,65.8,7.25
2283,Grid-Cell-2283,1,64,7.5,65.8,9.75
2284,Grid-Cell-2284,1,64,10,65.8,12.25
2285,Grid-Cell-2285,1,64,12.5,65.8,14.75
2286,Grid-Cell-2286,1,64,15,65.8,17.25
2287,Grid-Cell-2287,1,64,17.5,65.8,19.75
2288,Grid-Cell-2288,1,64,20,65.8,22.25
2289,Grid-Cell-2289,1,64,22.5,65.8,24.75
2290,Grid-Cell-2290,1,64,25,65.8,27.25
2291,Grid-Cell-2291,1,64,27.5,65.8,29.75
2292,Grid-Cell-2292,1,64,30,65.8,32.25
2293,Grid-Cell-2293,1,64,32.5,65.8,34.75
2294,Grid-Cell-2294,1,64,35,65.8,37.25
2295,Grid-Cell-2295,1,64,37.5,65.8,39.75
2296,Grid-Cell-2296,1,64,40,65.8,42.25
2297,Grid-Cell-2297,1,64,42.5,65.8,44.75
2298,Grid-Cell-2298,1,64,45,65.8,47.25
2299,Grid-Cell-2299,1,64,47.5,65.8,49.75
2300,Grid-Cell-2300,1,64,50,65.8,52.25
2300,Grid-Cell-2300,3,64,50,65.8,52.25
2301,Grid-Cell-2301,3,64,52.5,65.8,54.75
2302,Grid-Cell-2302,3,64,55,65.8,57.25
2303,Grid-Cell-2303,3,64,57.5,65.8,59.75
2304,Grid-Cell-2304,3,64,60,65.8,62.25
2305,Grid-Cell-2305,3,64,62.5,65.8,64.75
2306,Grid-Cell-2306,3,64,65,65.8,67.25
2307,Grid-Cell-2307,3,64,67.5,65.8,69.75
2308,Grid-Cell-2308,3,64,70,65.8,72.25
2309,Grid-Cell-2309,3,64,72.5,65.8,74.75
2310,Grid-Cell-2310,3,64,75,65.8,77.25
2311,Grid-Cell-2311,3,64,77.5,65.8,79.75
2312,Grid-Cell-2312,3,64,80,65.8,82.25
2313,Grid-Cell-2313,3,64,82.5,65.8,84.75
2314,Grid-Cell-2314,3,64,85,65.8,87.25
2315,Grid-Cell-2315,3,64,87.5,65.8,89.75
2316,Grid-Cell-2316,3,64,90,65.8,92.25
2317,Grid-Cell-2317,3,64,92.5,65.8,94.75
2318,Grid-Cell-2318,3,64,95,65.8,97.25
2319,Grid-Cell-2319,3,64,97.5,65.8,99.75
2320,Grid-Cell-2320,1,66,0,67.8,2.25
2321,Grid-Cell-2321,1,66,2.5,67.8,4.75
2322,Grid-Cell-2322,1,66,5,67.8,7.25
2323,Grid-Cell-2323,1,66,7.5,67.8,9.75
2324,Grid-Cell-2324,1,66,10,67.8,12.25
2325,Grid-Cell-2325,1,66,12.5,67.8,14.75
2326,Grid-Cell-2326,1,66,15,67.8,17.25
2327,Grid-Cell-2327,1,66,17.5,67.8,19.75
2328,Grid-Cell-2328,1,66,20,67.8,22.25
2329,Grid-Cell-2329,1,66,22.5,67.8,24.75
2330,Grid-Cell-2330,1,66,25,67.8,27.25
2331,Grid-Cell-2331,1,66,27.5,67.8,29.75
2332,Grid-Cell-2332,1,66,30,67.8,32.25
2333,Grid-Cell-2333,1,66,32.5,67.8,34.75
2334,Grid-Cell-2334,1,66,35,67.8,37.25
2335,Grid-Cell-2335,1,66,37.5,67.8,39.75
2336,Grid-Cell-2336,1,66,40,67.8,42.25
2337,Grid-Cell-2337,1,66,42.5,67.8,44.75
2338,Grid-Cell-2338,1,66,45,67.8,47.25
2339,Grid-Cell-2339,1,66,47.5,67.8,49.75
2340,Grid-Cell-2340,1,66,50,67.8,52.25
2340,Grid-Cell-2340,3,66,50,67.8,52.25
2341,Grid-Cell-2341,3,66,52.5,67.8,54.75
2342,Grid-Cell-2342,3,66,55,67.8,57.25
2343,Grid-Cell-2343,3,66,57.5,67.8,59.75
2344,Grid-Cell-2344,3,66,60,67.8,62.25
2345,Grid-Cell-2345,3,66,62.5,67.8,64.75
2346,Grid-Cell-2346,3,66,65,67.8,67.25
2347,Grid-Cell-2347,3,66,67.5,67.8,69.75
2348,Grid-Cell-2348,3,66,70,67.8,72.25
2349,Grid-Cell-2349,3,66,72.5,67.8,74.75
2350,Grid-Cell-2350,3,66,75,67.8,77.25
2351,Grid-Cell-2351,3,66,77.5,67.8,79.75
2352,Grid-Cell-2352,3,66,80,67.8,82.25
2353,Grid-Cell-2353,3,66,82.5,67.8,84.75
2354,Grid-Cell-2354,3,66,85,67.8,87.25
2355,Grid-Cell-2355,3,66,87.5,67.8,89.75
2356,Grid-Cell-2356,3,66,90,67.8,92.25
2357,Grid-Cell-2357,3,66,92.5,67.8,94.75
2358,Grid-Cell-2358,3,66,95,67.8,97.25
2359,Grid-Cell-2359,3,66,97.5,67.8,99.75
2360,Grid-Cell-2360,1,68,0,69.8,2.25
2361,Grid-Cell-2361,1,68,2.5,69.8,4.75
2362,Grid-Cell-2362,1,68,5,69.8,7.25
2363,Grid-Cell-2363,1,68,7.5,69.8,9.75
2364,Grid-Cell-2364,1,68,10,69.8,12.25
2365,Grid-Cell-2365,1,68,12.5,69.8,14.75
2366,Grid-Cell-2366,1,68,15,69.8,17.25
2367,Grid-Cell-2367,1,68,17.5,69.8,19.75
2368,Grid-Cell-2368,1,68,20,69.8,22.25
2369,Grid-Cell-2369,1,68,22.5,69.8,24.75
2370,Grid-Cell-2370,1,68,25,69.8,27.25
2371,Grid-Cell-2371,1,68,27.5,69.8,29.75
2372,Grid-Cell-2372,1,68,30,69.8,32.25
2373,Grid-Cell-2373,1,68,32.5,69.8,34.75
2374,Grid-Cell-2374,1,68,35,69.8,37.25
2375,Grid-Cell-2375,1,68,37.5,69.8,39.75
2376,Grid-Cell-2376,1,68,40,69.8,42.25
2377,Grid-Cell-2377,1,68,42.5,69.8,44.75
2378,Grid-Cell-2378,1,68,45,69.8,47.25
2379,Grid-Cell-2379,1,68,47.5,69.8,49.75
2380,Grid-Cell-2380,1,68,50,69.8,52.25
2380,Grid-Cell-2380,3,68,50,69.8,52.25
2381,Grid-Cell-2381,3,68,52.5,69.8,54.75
2382,Grid-Cell-2382,3,68,55,69.8,57.25
2383,Grid-Cell-2383,3,68,57.5,69.8,59.75
2384,Grid-Cell-2384,3,68,60,69.8,62.25
2385,Grid-Cell-2385,3,68,62.5,69.8,64.75
2386,Grid-Cell-2386,3,68,65,69.8,67.25
2387,Grid-Cell-2387,3,68,67.5,69.8,69.75
2388,Grid-Cell-2388,3,68,70,69.8,72.25
2389,Grid-Cell-2389,3,68,72.5,69.8,74.75
2390,Grid-Cell-2390,3,68,75,69.8,77.25
2391,Grid-Cell-2391,3,68,77.5,69.8,79.75
2392,Grid-Cell-2392,3,68,80,69.8,82.25
2393,Grid-Cell-2393,3,68,82.5,69.8,84.75
2394,Grid-Cell-2394,3,68,85,69.8,87.25
2395,Grid-Cell-2395,3,68,87.5,69.8,89.75
2396,Grid-Cell-2396,3,68,90,69.8,92.25
2397,Grid-Cell-2397,3,68,92.5,69.8,94.75
2398,Grid-Cell-2398,3,68,95,69.8,97.25
2399,Grid-Cell-2399,3,68,97.5,69.8,99.75
2400,Grid-Cell-2400,1,70,0,71.8,2.25
2401,Grid-Cell-2401,1,70,2.5,71.8,4.75
2402,Grid-Cell-2402,1,70,5,71.8,7.25
2403,Grid-Cell-2403,1,70,7.5,71.8,9.75
2404,Grid-Cell-2404,1,70,10,71.8,12.25
2405,Grid-Cell-2405,1,70,12.5,71.8,14.75
2406,Grid-Cell-2406,1,70,15,71.8,17.25
2407,Grid-Cell-2407,1,70,17.5,71.8,19.75
2408,Grid-Cell-2408,1,70,20,71.8,22.25
2409,Grid-Cell-2409,1,70,22.5,71.8,24.75
2410,Grid-Cell-2410,1,70,25,71.8,27.25
2411,Grid-Cell-2411,1,70,27.5,71.8,29.75
2412,Grid-Cell-2412,1,70,30,71.8,32.25
2413,Grid-Cell-2413,1,70,32.5,71.8,34.75
2414,Grid-Cell-2414,1,70,35,71.8,37.25
2415,Grid-Cell-2415,1,70,37.5,71.8,39.75
2416,Grid-Cell-2416,1,70,40,71.8,42.25
2417,Grid-Cell-2417,1,70,42.5,71.8,44.75
2418,Grid-Cell-2418,1,70,45,71.8,47.25
2419,Grid-Cell-2419,1,70,47.5,71.8,49.75
2420,Grid-Cell-2420,1,70,50,71.8,52.25
2420,Grid-Cell-2420,3,70,50,71.8,52.25
2421,Grid-Cell-2421,3,70,52.5,71.8,54.75
2422,Grid-Cell-2422,3,70,55,71.8,57.25
2423,Grid-Cell-2423,3,70,57.5,71.8,59.75
2424,Grid-Cell-2424,3,70,60,71.8,62.25
2425,Grid-Cell-2425,3,70,62.5,71.8,64.75
2426,Grid-Cell-2426,3,70,65,71.8,67.25
2427,Grid-Cell-2427,3,70,67.5,71.8,69.75
2428,Grid-Cell-2428,3,70,70,71.8,72.25
2429,Grid-Cell-2429,3,70,72.5,71.8,74.75
2430,Grid-Cell-2430,3,70,75,71.8,77.25
2431,Grid-Cell-2431,3,70,77.5,71.8,79.75
2432,Grid-Cell-2432,3,70,80,71.8,82.25
2433,Grid-Cell-2433,3,70,82.5,71.8,84.75
2434,Grid-Cell-2434,3,70,85,71.8,87.25
2435,Grid-Cell-2435,3,70,87.5,71.8,89.75
2436,Grid-Cell-2436,3,70,90,71.8,92.25
2437,Grid-Cell-2437,3,70,92.5,71.8,94.75
2438,Grid-Cell-2438,3,70,95,71.8,97.25
2439,Grid-Cell-2439,3,70,97.5,71.8,99.75
2440,Grid-Cell-2440,1,72,0,73.8,2.25
2441,Grid-Cell-2441,1,72,2.5,73.8,4.75
2442,Grid-Cell-2442,1,72,5,73.8,7.25
2443,Grid-Cell-2443,1,72,7.5,73.8,9.75
2444,Grid-Cell-2444,1,72,10,73.8,12.25
2445,Grid-Cell-2445,1,72,12.5,73.8,14.75
2446,Grid-Cell-2446,1,72,15,73.8,17.25
2447,Grid-Cell-2447,1,72,17.5,73.8,19.75
2448,Grid-Cell-2448,1,72,20,73.8,22.25
2449,Grid-Cell-2449,1,72,22.5,73.8,24.75
2450,Grid-Cell-2450,1,72,25,73.8,27.25
2451,Grid-Cell-2451,1,72,27.5,73.8,29.75
2452,Grid-Cell-2452,1,72,30,73.8,32.25
2453,Grid-Cell-2453,1,72,32.5,73.8,34.75
2454,Grid-Cell-2454,1,72,35,73.8,37.25
2455,Grid-Cell-2455,1,72,37.5,73.8,39.75
2456,Grid-Cell-2456,1,72,40,73.8,42.25
2457,Grid-Cell-2457,1,72,42.5,73.8,44.75
2458,Grid-Cell-2458,1,72,45,73.8,47.25
2459,Grid-Cell-2459,1,72,47.5,73.8,49.75
2460,Grid-Cell-2460,1,72,50,73.8,52.25
2460,Grid-Cell-2460,3,72,50,73.8,52.25
2461,Grid-Cell-2461,3,72,52.5,73.8,54.75
2462,Grid-Cell-2462,3,72,55,73.8,57.25
2463,Grid-Cell-2463,3,72,57.5,73.8,59.75
2464,Grid-Cell-2464,3,72,60,73.8,62.25
2465,Grid-Cell-2465,3,72,62.5,73.8,64.75
2466,Grid-Cell-2466,3,72,65,73.8,67.25
2467,Grid-Cell-2467,3,72,67.5,73.8,69.75
2468,Grid-Cell-2468,3,72,70,73.8,72.25
2469,Grid-Cell-2469,3,72,72.5,73.8,74.75
2470,Grid-Cell-2470,3,72,75,73.8,77.25
2471,Grid-Cell-2471,3,72,77.5,73.8,79.75
2472,Grid-Cell-2472,3,72,80,73.8,82.25
2473,Grid-Cell-2473,3,72,82.5,73.8,84.75
2474,Grid-Cell-2474,3,72,85,73.8,87.25
2475,Grid-Cell-2475,3,72,87.5,73.8,89.75
2476,Grid-Cell-2476,3,72,90,73.8,92.25
2477,Grid-Cell-2477,3,72,92.5,73.8,94.75
2478,Grid-Cell-2478,3,72,95,73.8,97.25
2479,Grid-Cell-2479,3,72,97.5,73.8,99.75
2480,Grid-Cell-2480,1,74,0,75.8,2.25
2481,Grid-Cell-2481,1,74,2.5,75.8,4.75
2482,Grid-Cell-2482,1,74,5,75.8,7.25
2483,Grid-Cell-2483,1,74,7.5,75.8,9.75
2484,Grid-Cell-2484,1,74,10,75.8,12.25
2485,Grid-Cell-2485,1,74,12.5,75.8,14.75
2486,Grid-Cell-2486,1,74,15,75.8,17.25
2487,Grid-Cell-2487,1,74,17.5,75.8,19.75
2488,Grid-Cell-2488,1,74,20,75.8,22.25
2489,Grid-Cell-2489,1,74,22.5,75.8,24.75
2490,Grid-Cell-2490,1,74,25,75.8,27.25
2491,Grid-Cell-2491,1,74,27.5,75.8,29.75
2492,Grid-Cell-2492,1,74,30,75.8,32.25
2493,Grid-Cell-2493,1,74,32.5,75.8,34.75
2494,Grid-Cell-2494,1,74,35,75.8,37.25
2495,Grid-Cell-2495,1,74,37.5,75.8,39.75
2496,Grid-Cell-2496,1,74,40,75.8,42.25
2497,Grid-Cell-2497,1,74,42.5,75.8,44.75
2498,Grid-Cell-2498,1,74,45,75.8,47.25
2499,Grid-Cell-2499,1,74,47.5,75.8,49.75
2500,Grid-Cell-2500,1,74,50,75.8,52.25
2500,Grid-Cell-2500,3,74,50,75.8,52.25
2501,Grid-Cell-2501,3,74,52.5,75.8,54.75
2502,Grid-Cell-2502,3,74,55,75.8,57.25
2503,Grid-Cell-2503,3,74,57.5,75.8,59.75
2504,Grid-Cell-2504,3,74,60,75.8,62.25
2505,Grid-Cell-2505,3,74,62.5,75.8,64.75
2506,Grid-Cell-2506,3,74,65,75.8,67.25
2507,Grid-Cell-2507,3,74,67.5,75.8,69.75
2508,Grid-Cell-2508,3,74,70,75.8,72.25
2509,Grid-Cell-2509,3,74,72.5,75.8,74.75
2510,Grid-Cell-2510,3,74,75,75.8,77.25
2511,Grid-Cell-2511,3,74,77.5,75.8,79.75
2512,Grid-Cell-2512,3,74,80,75.8,82.25
2513,Grid-Cell-2513,3,74,82.5,75.8,84.75
2514,Grid-Cell-2514,3,74,85,75.8,87.25
2515,Grid-Cell-2515,3,74,87.5,75.8,89.75
2516,Grid-Cell-2516,3,74,90,75.8,92.25
2517,Grid-Cell-2517,3,74,92.5,75.8,94.75
2518,Grid-Cell-2518,3,74,95,75.8,97.25
2519,Grid-Cell-2519,3,74,97.5,75.8,99.75
2520,Grid-Cell-2520,1,76,0,77.8,2.25
2521,Grid-Cell-2521,1,76,2.5,77.8,4.75
2522,Grid-Cell-2522,1,76,5,77.8,7.25
2523,Grid-Cell-2523,1,76,7.5,77.8,9.75
2524,Grid-Cell-2524,1,76,10,77.8,12.25
2525,Grid-Cell-2525,1,76,12.5,77.8,14.75
2526,Grid-Cell-2526,1,76,15,77.8,17.25
2527,Grid-Cell-2527,1,76,17.5,77.8,19.75
2528,Grid-Cell-2528,1,76,20,77.8,22.25
2529,Grid-Cell-2529,1,76,22.5,77.8,24.75
2530,Grid-Cell-2530,1,76,25,77.8,27.25
2531,Grid-Cell-2531,1,76,27.5,77.8,29.75
2532,Grid-Cell-2532,1,76,30,77.8,32.25
2533,Grid-Cell-2533,1,76,32.5,77.8,34.75
2534,Grid-Cell-2534,1,76,35,77.8,37.25
2535,Grid-Cell-2535,1,76,37.5,77.8,39.75
2536,Grid-Cell-2536,1,76,40,77.8,42.25
2537,Grid-Cell-2537,1,76,42.5,77.8,44.75
2538,Grid-Cell-2538,1,76,45,77.8,47.25
2539,Grid-Cell-2539,1,76,47.5,77.8,49.75
2540,Grid-Cell-2540,1,76,50,77.8,52.25
2540,Grid-Cell-2540,3,76,50,77.8,52.25
2541,Grid-Cell-2541,3,76,52.5,77.8,54.75
2542,Grid-Cell-2542,3,76,55,77.8,57.25
2543,Grid-Cell-2543,3,76,57.5,77.8,59.75
2544,Grid-Cell-2544,3,76,60,77.8,62.25
2545,Grid-Cell-2545,3,76,62.5,77.8,64.75
2546,Grid-Cell-2546,3,76,65,77.8,67.25
2547,Grid-Cell-2547,3,76,67.5,77.8,69.75
2548,Grid-Cell-2548,3,76,70,77.8,72.25
2549,Grid-Cell-2549,3,76,72.5,77.8,74.75
2550,Grid-Cell-2550,3,76,75,77.8,77.25
2551,Grid-Cell-2551,3,76,77.5,77.8,79.75
2552,Grid-Cell-2552,3,76,80,77.8,82.25
2553,Grid-Cell-2553,3,76,82.5,77.8,84.75
2554,Grid-Cell-2554,3,76,85,77.8,87.25
2555,Grid-Cell-2555,3,76,87.5,77.8,89.75
2556,Grid-Cell-2556,3,76,90,77.8,92.25
2557,Grid-Cell-2557,3,76,92.5,77.8,94.75
2558,Grid-Cell-2558,3,76,95,77.8,97.25
2559,Grid-Cell-2559,3,76,97.5,77.8,99.75
2560,Grid-Cell-2560,1,78,0,79.8,2.25
2561,Grid-Cell-2561,1,78,2.5,79.8,4.75
2562,Grid-Cell-2562,1,78,5,79.8,7.25
2563,Grid-Cell-2563,1,78,7.5,79.8,9.75
2564,Grid-Cell-2564,1,78,10,79.8,12.25
2565,Grid-Cell-2565,1,78,12.5,79.8,14.75
2566,Grid-Cell-2566,1,78,15,79.8,17.25
2567,Grid-Cell-2567,1,78,17.5,79.8,19.75
2568,Grid-Cell-2568,1,78,20,79.8,22.25
2569,Grid-Cell-2569,1,78,22.5,79.8,24.75
2570,Grid-Cell-2570,1,78,25,79.8,27.25
2571,Grid-Cell-2571,1,78,27.5,79.8,29.75
2572,Grid-Cell-2572,1,78,30,79.8,32.25
2573,Grid-Cell-2573,1,78,32.5,79.8,34.75
2574,Grid-Cell-2574,1,78,35,79.8,37.25
2575,Grid-Cell-2575,1,78,37.5,79.8,39.75
2576,Grid-Cell-2576,1,78,40,79.8,42.25
2577,Grid-Cell-2577,1,78,42.5,79.8,44.75
2578,Grid-Cell-2578,1,78,45,79.8,47.25
2579,Grid-Cell-2579,1,78,47.5,79.8,49.75
2580,Grid-Cell-2580,1,78,50,79.8,52.25
2580,Grid-Cell-2580,3,78,50,79.8,52.25
2581,Grid-Cell-2581,3,78,52.5,79.8,54.75
2582,Grid-Cell-2582,3,78,55,79.8,57.25
2583,Grid-Cell-2583,3,78,57.5,79.8,59.75
2584,Grid-Cell-2584,3,78,60,79.8,62.25
2585,Grid-Cell-2585,3,78,62.5,79.8,64.75
2586,Grid-Cell-2586,3,78,65,79.8,67.25
2587,Grid-Cell-2587,3,78,67.5,79.8,69.75
2588,Grid-Cell-2588,3,78,70,79.8,72.25
2589,Grid-Cell-2589,3,78,72.5,79.8,74.75
2590,Grid-Cell-2590,3,78,75,79.8,77.25
2591,Grid-Cell-2591,3,78,77.5,79.8,79.75
2592,Grid-Cell-2592,3,78,80,79.8,82.25
2593,Grid-Cell-2593,3,78,82.5,79.8,84.75
2594,Grid-Cell-2594,3,78,85,79.8,87.25
2595,Grid-Cell-2595,3,78,87.5,79.8,89.75
2596,Grid-Cell-2596,3,78,90,79.8,92.25
2597,Grid-Cell-2597,3,78,92.5,79.8,94.75
2598,Grid-Cell-2598,3,78,95,79.8,97.25
2599,Grid-Cell-2599,3,78,97.5,79.8,99.75
2600,Grid-Cell-2600,1,80,0,81.8,2.25
2601,Grid-Cell-2601,1,80,2.5,81.8,4.75
2602,Grid-Cell-2602,1,80,5,81.8,7.25
2603,Grid-Cell-2603,1,80,7.5,81.8,9.75
2604,Grid-Cell-2604,1,80,10,81.8,12.25
2605,Grid-Cell-2605,1,80,12.5,81.8,14.75
2606,Grid-Cell-2606,1,80,15,81.8,17.25
2607,Grid-Cell-2607,1,80,17.5,81.8,19.75
2608,Grid-Cell-2608,1,80,20,81.8,22.25
2609,Grid-Cell-2609,1,80,22.5,81.8,24.75
2610,Grid-Cell-2610,1,80,25,81.8,27.25
2611,Grid-Cell-2611,1,80,27.5,81.8,29.75
2612,Grid-Cell-2612,1,80,30,81.8,32.25
2613,Grid-Cell-2613,1,80,32.5,81.8,34.75
2614,Grid-Cell-2614,1,80,35,81.8,37.25
2615,Grid-Cell-2615,1,80,37.5,81.8,39.75
2616,Grid-Cell-2616,1,80,40,81.8,42.25
2617,Grid-Cell-2617,1,80,42.5,81.8,44.75
2618,Grid-Cell-2618,1,80,45,81.8,47.25
2619,Grid-Cell-2619,1,80,47.5,81.8,49.75
2620,Grid-Cell-2620,1,80,50,81.8,52.25
2620,Grid-Cell-2620,3,80,50,81.8,52.25
2621,Grid-Cell-2621,3,80,52.5,81.8,54.75
2622,Grid-Cell-2622,3,80,55,81.8,57.25
2623,Grid-Cell-2623,3,80,57.5,81.8,59.75
2624,Grid-Cell-2624,3,80,60,81.8,62.25
2625,Grid-Cell-2625,3,80,62.5,81.8,64.75
2626,Grid-Cell-2626,3,80,65,81.8,67.25
2627,Grid-Cell-2627,3,80,67.5,81.8,69.75
2628,Grid-Cell-2628,3,80,70,81.8,72.25
2629,Grid-Cell-2629,3,80,72.5,81.8,74.75
2630,Grid-Cell-2630,3,80,75,81.8,77.25
2631,Grid-Cell-2631,3,80,77.5,81.8,79.75
2632,Grid-Cell-2632,3,80,80,81.8,82.25
2633,Grid-Cell-2633,3,80,82.5,81.8,84.75
2634,Grid-Cell-2634,3,80,85,81.8,87.25
2635,Grid-Cell-2635,3,80,87.5,81.8,89.75
2636,Grid-Cell-2636,3,80,90,81.8,92.25
2637,Grid-Cell-2637,3,80,92.5,81.8,94.75
2638,Grid-Cell-2638,3,80,95,81.8,97.25
2639,Grid-Cell-2639,3,80,97.5,81.8,99.75
2640,Grid-Cell-2640,1,82,0,83.8,2.25
2641,Grid-Cell-2641,1,82,2.5,83.8,4.75
2642,Grid-Cell-2642,1,82,5,83.8,7.25
2643,Grid-Cell-2643,1,82,7.5,83.8,9.75
2644,Grid-Cell-2644,1,82,10,83.8,12.25
2645,Grid-Cell-2645,1,82,12.5,83.8,14.75
2646,Grid-Cell-2646,1,82,15,83.8,17.25
2647,Grid-Cell-2647,1,82,17.5,83.8,19.75
2648,Grid-Cell-2648,1,82,20,83.8,22.25
2649,Grid-Cell-2649,1,82,22.5,83.8,24.75
2650,Grid-Cell-2650,1,82,25,83.8,27.25
2651,Grid-Cell-2651,1,82,27.5,83.8,29.75
2652,Grid-Cell-2652,1,82,30,83.8,32.25
2653,Grid-Cell-2653,1,82,32.5,83.8,34.75
2654,Grid-Cell-2654,1,82,35,83.8,37.25
2655,Grid-Cell-2655,1,82,37.5,83.8,39.75
2656,Grid-Cell-2656,1,82,40,83.8,42.25
2657,Grid-Cell-2657,1,82,42.5,83.8,44.75
2658,Grid-Cell-2658,1,82,45,83.8,47.25
2659,Grid-Cell-2659,1,82,47.5,83.8,49.75
2660,Grid-Cell-2660,1,82,50,83.8,52.25
2660,Grid-Cell-2660,3,82,50,83.8,52.25
2661,Grid-Cell-2661,3,82,52.5,83.8,54.75
2662,Grid-Cell-2662,3,82,55,83.8,57.25
2663,Grid-Cell-2663,3,82,57.5,83.8,59.75
2664,Grid-Cell-2664,3,82,60,83.8,62.25
2665,Grid-Cell-2665,3,82,62.5,83.8,64.75
2666,Grid-Cell-2666,3,82,65,83.8,67.25
2667,Grid-Cell-2667,3,82,67.5,83.8,69.75
2668,Grid-Cell-2668,3,82,70,83.8,72.25
2669,Grid-Cell-2669,3,82,72.5,83.8,74.75
2670,Grid-Cell-2670,3,82,75,83.8,77.25
2671,Grid-Cell-2671,3,82,77.5,83.8,79.75
2672,Grid-Cell-2672,3,82,80,83.8,82.25
2673,Grid-Cell-2673,3,82,82.5,83.8,84.75
2674,Grid-Cell-2674,3,82,85,83.8,87.25
2675,Grid-Cell-2675,3,82,87.5,83.8,89.75
2676,Grid-Cell-2676,3,82,90,83.8,92.25
2677,Grid-Cell-2677,3,82,92.5,83.8,94.75
2678,Grid-Cell-2678,3,82,95,83.8,97.25
2679,Grid-Cell-2679,3,82,97.5,83.8,99.75
2680,Grid-Cell-2680,1,84,0,85.8,2.25
2681,Grid-Cell-2681,1,84,2.5,85.8,4.75
2682,Grid-Cell-2682,1,84,5,85.8,7.25
2683,Grid-Cell-2683,1,84,7.5,85.8,9.75
2684,Grid-Cell-2684,1,84,10,85.8,12.25
2685,Grid-Cell-2685,1,84,12.5,85.8,14.75
2686,Grid-Cell-2686,1,84,15,85.8,17.25
2687,Grid-Cell-2687,1,84,17.5,85.8,19.75
2688,Grid-Cell-2688,1,84,20,85.8,22.25
2689,Grid-Cell-2689,1,84,22.5,85.8,24.75
2690,Grid-Cell-2690,1,84,25,85.8,27.25
2691,Grid-Cell-2691,1,84,27.5,85.8,29.75
2692,Grid-Cell-2692,1,84,30,85.8,32.25
2693,Grid-Cell-2693,1,84,32.5,85.8,34.75
2694,Grid-Cell-2694,1,84,35,85.8,37.25
2695,Grid-Cell-2695,1,84,37.5,85.8,39.75
2696,Grid-Cell-2696,1,84,40,85.8,42.25
2697,Grid-Cell-2697,1,84,42.5,85.8,44.75
2698,Grid-Cell-2698,1,84,45,85.8,47.25
2699,Grid-Cell-2699,1,84,47.5,85.8,49.75
2700,Grid-Cell-2700,1,84,50,85.8,52.25
2700,Grid-Cell-2700,3,84,50,85.8,52.25
2701,Grid-Cell-2701,3,84,52.5,85.8,54.75
2702,Grid-Cell-2702,3,84,55,85.8,57.25
2703,Grid-Cell-2703,3,84,57.5,85.8,59.75
2704,Grid-Cell-2704,3,84,60,85.8,62.25
2705,Grid-Cell-2705,3,84,62.5,85.8,64.75
2706,Grid-Cell-2706,3,84,65,85.8,67.25
2707,Grid-Cell-2707,3,84,67.5,85.8,69.75
2708,Grid-Cell-2708,3,84,70,85.8,72.25
2709,Grid-Cell-2709,3,84,72.5,85.8,74.75
2710,Grid-Cell-2710,3,84,75,85.8,77.25
2711,Grid-Cell-2711,3,84,77.5,85.8,79.75
2712,Grid-Cell-2712,3,84,80,85.8,82.25
2713,Grid-Cell-2713,3,84,82.5,85.8,84.75
2714,Grid-Cell-2714,3,84,85,85.8,87.25
2715,Grid-Cell-2715,3,84,87.5,85.8,89.75
2716,Grid-Cell-2716,3,84,90,85.8,92.25
2717,Grid-Cell-2717,3,84,92.5,85.8,94.75
2718,Grid-Cell-2718,3,84,95,85.8,97.25
2719,Grid-Cell-2719,3,84,97.5,85.8,99.75
2720,Grid-Cell-2720,1,86,0,87.8,2.25
2721,Grid-Cell-2721,1,86,2.5,87.8,4.75
2722,Grid-Cell-2722,1,86,5,87.8,7.25
2723,Grid-Cell-2723,1,86,7.5,87.8,9.75
2724,Grid-Cell-2724,1,86,10,87.8,12.25
2725,Grid-Cell-2725,1,86,12.5,87.8,14.75
2726,Grid-Cell-2726,1,86,15,87.8,17.25
2727,Grid-Cell-2727,1,86,17.5,87.8,19.75
2728,Grid-Cell-2728,1,86,20,87.8,22.25
2729,Grid-Cell-2729,1,86,22.5,87.8,24.75
2730,Grid-Cell-2730,1,86,25,87.8,27.25
2731,Grid-Cell-2731,1,86,27.5,87.8,29.75
2732,Grid-Cell-2732,1,86,30,87.8,32.25
2733,Grid-Cell-2733,1,86,32.5,87.8,34.75
2734,Grid-Cell-2734,1,86,35,87.8,37.25
2735,Grid-Cell-2735,1,86,37.5,87.8,39.75
2736,Grid-Cell-2736,1,86,40,87.8,42.25
2737,Grid-Cell-2737,1,86,42.5,87.8,44.75
2738,Grid-Cell-2738,1,86,45,87.8,47.25
2739,Grid-Cell-2739,1,86,47.5,87.8,49.75
2740,Grid-Cell-2740,1,86,50,87.8,52.25
2740,Grid-Cell-2740,3,86,50,87.8,52.25
2741,Grid-Cell-2741,3,86,52.5,87.8,54.75
2742,Grid-Cell-2742,3,86,55,87.8,57.25
2743,Grid-Cell-2743,3,86,57.5,87.8,59.75
2744,Grid-Cell-2744,3,86,60,87.8,62.25
2745,Grid-Cell-2745,3,86,62.5,87.8,64.75
2746,Grid-Cell-2746,3,86,65,87.8,67.25
2747,Grid-Cell-2747,3,86,67.5,87.8,69.75
2748,Grid-Cell-2748,3,86,70,87.8,72.25
2749,Grid-Cell-2749,3,86,72.5,87.8,74.75
2750,Grid-Cell-2750,3,86,75,87.8,77.25
2751,Grid-Cell-2751,3,86,77.5,87.8,79.75
2752,Grid-Cell-2752,3,86,80,87.8,82.25
2753,Grid-Cell-2753,3,86,82.5,87.8,84.75
2754,Grid-Cell-2754,3,86,85,87.8,87.25
2755,Grid-Cell-2755,3,86,87.5,87.8,89.75
2756,Grid-Cell-2756,3,86,90,87.8,92.25
2757,Grid-Cell-2757,3,86,92.5,87.8,94.75
2758,Grid-Cell-2758,3,86,95,87.8,97.25
2759,Grid-Cell-2759,3,86,97.5,87.8,99.75
2760,Grid-Cell-2760,1,88,0,89.8,2.25
2761,Grid-Cell-2761,1,88,2.5,89.8,4.75
2762,Grid-Cell-2762,1,88,5,89.8,7.25
2763,Grid-Cell-2763,1,88,7.5,89.8,9.75
2764,Grid-Cell-2764,1,88,10,89.8,12.25
2765,Grid-Cell-2765,1,88,12.5,89.8,14.75
2766,Grid-Cell-2766,1,88,15,89.8,17.25
2767,Grid-Cell-2767,1,88,17.5,89.8,19.75
2768,Grid-Cell-2768,1,88,20,89.8,22.25
2769,Grid-Cell-2769,1,88,22.5,89.8,24.75
2770,Grid-Cell-2770,1,88,25,89.8,27.25
2771,Grid-Cell-2771,1,88,27.5,89.8,29.75
2772,Grid-Cell-2772,1,88,30,89.8,32.25
2773,Grid-Cell-2773,1,88,32.5,89.8,34.75
2774,Grid-Cell-2774,1,88,35,89.8,37.25
2775,Grid-Cell-2775,1,88,37.5,89.8,39.75
2776,Grid-Cell-2776,1,88,40,89.8,42.25
2777,Grid-Cell-2777,1,88,42.5,89.8,44.75
2778,Grid-Cell-2778,1,88,45,89.8,47.25
2779,Grid-Cell-2779,1,88,47.5,89.8,49.75
2780,Grid-Cell-2780,1,88,50,89.8,52.25
2780,Grid-Cell-2780,3,88,50,89.8,52.25
2781,Grid-Cell-2781,3,88,52.5,89.8,54.75
2782,Grid-Cell-2782,3,88,55,89.8,57.25
2783,Grid-Cell-2783,3,88,57.5,89.8,59.75
2784,Grid-Cell-2784,3,88,60,89.8,62.25
2785,Grid-Cell-2785,3,88,62.5,89.8,64.75
2786,Grid-Cell-2786,3,88,65,89.8,67.25
2787,Grid-Cell-2787,3,88,67.5,89.8,69.75
2788,Grid-Cell-2788,3,88,70,89.8,72.25
2789,Grid-Cell-2789,3,88,72.5,89.8,74.75
2790,Grid-Cell-2790,3,88,75,89.8,77.25
2791,Grid-Cell-2791,3,88,77.5,89.8,79.75
2792,Grid-Cell-2792,3,88,80,89.8,82.25
2793,Grid-Cell-2793,3,88,82.5,89.8,84.75
2794,Grid-Cell-2794,3,88,85,89.8,87.25
2795,Grid-Cell-2795,3,88,87.5,89.8,89.75
2796,Grid-Cell-2796,3,88,90,89.8,92.25
2797,Grid-Cell-2797,3,88,92.5,89.8,94.75
2798,Grid-Cell-2798,3,88,95,89.8,97.25
2799,Grid-Cell-2799,3,88,97.5,89.8,99.75
2800,Grid-Cell-2800,1,90,0,91.8,2.25
2801,Grid-Cell-2801,1,90,2.5,91.8,4.75
2802,Grid-Cell-2802,1,90,5,91.8,7.25
2803,Grid-Cell-2803,1,90,7.5,91.8,9.75
2804,Grid-Cell-2804,1,90,10,91.8,12.25
2805,Grid-Cell-2805,1,90,12.5,91.8,14.75
2806,Grid-Cell-2806,1,90,15,91.8,17.25
2807,Grid-Cell-2807,1,90,17.5,91.8,19.75
2808,Grid-Cell-2808,1,90,20,91.8,22.25
2809,Grid-Cell-2809,1,90,22.5,91.8,24.75
2810,Grid-Cell-2810,1,90,25,91.8,27.25
2811,Grid-Cell-2811,1,90,27.5,91.8,29.75
2812,Grid-Cell-2812,1,90,30,91.8,32.25
2813,Grid-Cell-2813,1,90,32.5,91.8,34.75
2814,Grid-Cell-2814,1,90,35,91.8,37.25
2815,Grid-Cell-2815,1,90,37.5,91.8,39.75
2816,Grid-Cell-2816,1,90,40,91.8,42.25
2817,Grid-Cell-2817,1,90,42.5,91.8,44.75
2818,Grid-Cell-2818,1,90,45,91.8,47.25
2819,Grid-Cell-2819,1,90,47.5,91.8,49.75
2820,Grid-Cell-2820,1,90,50,91.8,52.25
2820,Grid-Cell-2820,3,90,50,91.8,52.25
2821,Grid-Cell-2821,3,90,52.5,91.8,54.75
2822,Grid-Cell-2822,3,90,55,91.8,57.25
2823,Grid-Cell-2823,3,90,57.5,91.8,59.75
2824,Grid-Cell-2824,3,90,60,91.8,62.25
2825,Grid-Cell-2825,3,90,62.5,91.8,64.75
2826,Grid-Cell-2826,3,90,65,91.8,67.25
2827,Grid-Cell-2827,3,90,67.5,91.8,69.75
2828,Grid-Cell-2828,3,90,70,91.8,72.25
2829,Grid-Cell-2829,3,90,72.5,91.8,74.75
2830,Grid-Cell-2830,3,90,75,91.8,77.25
2831,Grid-Cell-2831,3,90,77.5,91.8,79.75
2832,Grid-Cell-2832,3,90,80,91.8,82.25
2833,Grid-Cell-2833,3,90,82.5,91.8,84.75
2834,Grid-Cell-2834,3,90,85,91.8,87.25
2835,Grid-Cell-2835,3,90,87.5,91.8,89.75
2836,Grid-Cell-2836,3,90,90,91.8,92.25
2837,Grid-Cell-2837,3,90,92.5,91.8,94.75
2838,Grid-Cell-2838,3,90,95,91.8,97.25
2839,Grid-Cell-2839,3,90,97.5,91.8,99.75
2840,Grid-Cell-2840,1,92,0,93.8,2.25
2841,Grid-Cell-2841,1,92,2.5,93.8,4.75
2842,Grid-Cell-2842,1,92,5,93.8,7.25
2843,Grid-Cell-2843,1,92,7.5,93.8,9.75
2844,Grid-Cell-2844,1,92,10,93.8,12.25
2845,Grid-Cell-2845,1,92,12.5,93.8,14.75
2846,Grid-Cell-2846,1,92,15,93.8,17.25
2847,Grid-Cell-2847,1,92,17.5,93.8,19.75
2848,Grid-Cell-2848,1,92,20,93.8,22.25
2849,Grid-Cell-2849,1,92,22.5,93.8,24.75
2850,Grid-Cell-2850,1,92,25,93.8,27.25
2851,Grid-Cell-2851,1,92,27.5,93.8,29.75
2852,Grid-Cell-2852,1,92,30,93.8,32.25
2853,Grid-Cell-2853,1,92,32.5,93.8,34.75
2854,Grid-Cell-2854,1,92,35,93.8,37.25
2855,Grid-Cell-2855,1,92,37.5,93.8,39.75
2856,Grid-Cell-2856,1,92,40,93.8,42.25
2857,Grid-Cell-2857,1,92,42.5,93.8,44.75
2858,Grid-Cell-2858,1,92,45,93.8,47.25
2859,Grid-Cell-2859,1,92,47.5,93.8,49.75
2860,Grid-Cell-2860,1,92,50,93.8,52.25
2860,Grid-Cell-2860,3,92,50,93.8,52.25
2861,Grid-Cell-2861,3,92,52.5,93.8,54.75
2862,Grid-Cell-2862,3,92,55,93.8,57.25
2863,Grid-Cell-2863,3,92,57.5,93.8,59.75
2864,Grid-Cell-2864,3,92,60,93.8,62.25
2865,Grid-Cell-2865,3,92,62.5,93.8,64.75
2866,Grid-Cell-2866,3,92,65,93.8,67.25
2867,Grid-Cell-2867,3,92,67.5,93.8,69.75
2868,Grid-Cell-2868,3,92,70,93.8,72.25
2869,Grid-Cell-2869,3,92,72.5,93.8,74.75
2870,Grid-Cell-2870,3,92,75,93.8,77.25
2871,Grid-Cell-2871,3,92,77.5,93.8,79.75
2872,Grid-Cell-2872,3,92,80,93.8,82.25
2873,Grid-Cell-2873,3,92,82.5,93.8,84.75
2874,Grid-Cell-2874,3,92,85,93.8,87.25
2875,Grid-Cell-2875,3,92,87.5,93.8,89.75
2876,Grid-Cell-2876,3,92,90,93.8,92.25
2877,Grid-Cell-2877,3,92,92.5,93.8,94.75
2878,Grid-Cell-2878,3,92,95,93.8,97.25
2879,Grid-Cell-2879,3,92,97.5,93.8,99.75
2880,Grid-Cell-2880,1,94,0,95.8,2.25
2881,Grid-Cell-2881,1,94,2.5,95.8,4.75
2882,Grid-Cell-2882,1,94,5,95.8,7.25
2883,Grid-Cell-2883,1,94,7.5,95.8,9.75
2884,Grid-Cell-2884,1,94,10,95.8,12.25
2885,Grid-Cell-2885,1,94,12.5,95.8,14.75
2886,Grid-Cell-2886,1,94,15,95.8,17.25
2887,Grid-Cell-2887,1,94,17.5,95.8,19.75
2888,Grid-Cell-2888,1,94,20,95.8,22.25
2889,Grid-Cell-2889,1,94,22.5,95.8,24.75
2890,Grid-Cell-2890,1,94,25,95.8,27.25
2891,Grid-Cell-2891,1,94,27.5,95.8,29.75
2892,Grid-Cell-2892,1,94,30,95.8,32.25
2893,Grid-Cell-2893,1,94,32.5,95.8,34.75
2894,Grid-Cell-2894,1,94,35,95.8,37.25
2895,Grid-Cell-2895,1,94,37.5,95.8,39.75
2896,Grid-Cell-2896,1,94,40,95.8,42.25
2897,Grid-Cell-2897,1,94,42.5,95.8,44.75
2898,Grid-Cell-2898,1,94,45,95.8,47.25
2899,Grid-Cell-2899,1,94,47.5,95.8,49.75
2900,Grid-Cell-2900,1,94,50,95.8,52.25
2900,Grid-Cell-2900,3,94,50,95.8,52.25
2901,Grid-Cell-2901,3,94,52.5,95.8,54.75
2902,Grid-Cell-2902,3,94,55,95.8,57.25
2903,Grid-Cell-2903,3,94,57.5,95.8,59.75
2904,Grid-Cell-2904,3,94,60,95.8,62.25
2905,Grid-Cell-2905,3,94,62.5,95.8,64.75
2906,Grid-Cell-2906,3,94,65,95.8,67.25
2907,Grid-Cell-2907,3,94,67.5,95.8,69.75
2908,Grid-Cell-2908,3,94,70,95.8,72.25
2909,Grid-Cell-2909,3,94,72.5,95.8,74.75
2910,Grid-Cell-2910,3,94,75,95.8,77.25
2911,Grid-Cell-2911,3,94,77.5,95.8,79.75
2912,Grid-Cell-2912,3,94,80,95.8,82.25
2913,Grid-Cell-2913,3,94,82.5,95.8,84.75
2914,Grid-Cell-2914,3,94,85,95.8,87.25
2915,Grid-Cell-2915,3,94,87.5,95.8,89.75
2916,Grid-Cell-2916,3,94,90,95.8,92.25
2917,Grid-Cell-2917,3,94,92.5,95.8,94.75
2918,Grid-Cell-2918,3,94,95,95.8,97.25
2919,Grid-Cell-2919,3,94,97.5,95.8,99.75
2920,Grid-Cell-2920,1,96,0,97.8,2.25
2921,Grid-Cell-2921,1,96,2.5,97.8,4.75
2922,Grid-Cell-2922,1,96,5,97.8,7.25
2923,Grid-Cell-2923,1,96,7.5,97.8,9.75
2924,Grid-Cell-2924,1,96,10,97.8,12.25
2925,Grid-Cell-2925,1,96,12.5,97.8,14.75
2926,Grid-Cell-2926,1,96,15,97.8,17.25
2927,Grid-Cell-2927,1,96,17.5,97.8,19.75
2928,Grid-Cell-2928,1,96,20,97.8,22.25
2929,Grid-Cell-2929,1,96,22.5,97.8,24.75
2930,Grid-Cell-2930,1,96,25,97.8,27.25
2931,Grid-Cell-2931,1,96,27.5,97.8,29.75
2932,Grid-Cell-2932,1,96,30,97.8,32.25
2933,Grid-Cell-2933,1,96,32.5,97.8,34.75
2934,Grid-Cell-2934,1,96,35,97.8,37.25
2935,Grid-Cell-2935,1,96,37.5,97.8,39.75
2936,Grid-Cell-2936,1,96,40,97.8,42.25
2937,Grid-Cell-2937,1,96,42.5,97.8,44.75
2938,Grid-Cell-2938,1,96,45,97.8,47.25
2939,Grid-Cell-2939,1,96,47.5,97.8,49.75
2940,Grid-Cell-2940,1,96,50,97.8,52.25
2940,Grid-Cell-2940,3,96,50,97.8,52.25
2941,Grid-Cell-2941,3,96,52.5,97.8,54.75
2942,Grid-Cell-2942,3,96,55,97.8,57.25
2943,Grid-Cell-2943,3,96,57.5,97.8,59.75
2944,Grid-Cell-2944,3,96,60,97.8,62.25
2945,Grid-Cell-2945,3,96,62.5,97.8,64.75
2946,Grid-Cell-2946,3,96,65,97.8,67.25
2947,Grid-Cell-2947,3,96,67.5,97.8,69.75
2948,Grid-Cell-2948,3,96,70,97.8,72.25
2949,Grid-Cell-2949,3,96,72.5,97.8,74.75
2950,Grid-Cell-2950,3,96,75,97.8,77.25
2951,Grid-Cell-2951,3,96,77.5,97.8,79.75
2952,Grid-Cell-2952,3,96,80,97.8,82.25
2953,Grid-Cell-2953,3,96,82.5,97.8,84.75
2954,Grid-Cell-2954,3,96,85,97.8,87.25
2955,Grid-Cell-2955,3,96,87.5,97.8,89.75
2956,Grid-Cell-2956,3,96,90,97.8,92.25
2957,Grid-Cell-2957,3,96,92.5,97.8,94.75
2958,Grid-Cell-2958,3,96,95,97.8,97.25
2959,Grid-Cell-2959,3,96,97.5,97.8,99.75
2960,Grid-Cell-2960,1,98,0,99.8,2.25
2961,Grid-Cell-2961,1,98,2.5,99.8,4.75
2962,Grid-Cell-2962,1,98,5,99.8,7.25
2963,Grid-Cell-2963,1,98,7.5,99.8,9.75
2964,Grid-Cell-2964,1,98,10,99.8,12.25
2965,Grid-Cell-2965,1,98,12.5,99.8,14.75
2966,Grid-Cell-2966,1,98,15,99.8,17.25
2967,Grid-Cell-2967,1,98,17.5,99.8,19.75
2968,Grid-Cell-2968,1,98,20,99.8,22.25
2969,Grid-Cell-2969,1,98,22.5,99.8,24.75
2970,Grid-Cell-2970,1,98,25,99.8,27.25
2971,Grid-Cell-2971,1,98,27.5,99.8,29.75
2972,Grid-Cell-2972,1,98,30,99.8,32.25
2973,Grid-Cell-2973,1,98,32.5,99.8,34.75
2974,Grid-Cell-2974,1,98,35,99.8,37.25
2975,Grid-Cell-2975,1,98,37.5,99.8,39.75
2976,Grid-Cell-2976,1,98,40,99.8,42.25
2977,Grid-Cell-2977,1,98,42.5,99.8,44.75
2978,Grid-Cell-2978,1,98,45,99.8,47.25
2979,Grid-Cell-2979,1,98,47.5,99.8,49.75
2980,Grid-Cell-2980,1,98,50,99.8,52.25
2980,Grid-Cell-2980,3,98,50,99.8,52.25
2981,Grid-Cell-2981,3,98,52.5,99.8,54.75
2982,Grid-Cell-2982,3,98,55,99.8,57.25
2983,Grid-Cell-2983,3,98,57.5,99.8,59.75
2984,Grid-Cell-2984,3,98,60,99.8,62.25
2985,Grid-Cell-2985,3,98,62.5,99.8,64.75
2986,Grid-Cell-2986,3,98,65,99.8,67.25
2987,Grid-Cell-2987,3,98,67.5,99.8,69.75
2988,Grid-Cell-2988,3,98,70,99.8,72.25
2989,Grid-Cell-2989,3,98,72.5,99.8,74.75
2990,Grid-Cell-2990,3,98,75,99.8,77.25
2991,Grid-Cell-2991,3,98,77.5,99.8,79.75
2992,Grid-Cell-2992,3,98,80,99.8,82.25
2993,Grid-Cell-2993,3,98,82.5,99.8,84.75
2994,Grid-Cell-2994,3,98,85,99.8,87.25
2995,Grid-Cell-2995,3,98,87.5,99.8,89.75
2996,Grid-Cell-2996,3,98,90,99.8,92.25
2997,Grid-Cell-2997,3,98,92.5,99.8,94.75
2998,Grid-Cell-2998,3,98,95,99.8,97.25
2999,Grid-Cell-2999,3,98,97.5,99.8,99.75
